[2026-06-29 15:55:07.555] [rz] [info] => DLL_PROCESS_ATTACH
[2026-06-29 15:55:07.555] [rz] [info] DLL version: 1.0.12.0
[2026-06-29 15:55:07.555] [rz] [info] CThreadExecutor::RunThread =>
[2026-06-29 15:55:07.558] [rz] [info] TUsbAudio Info:
[2026-06-29 15:55:07.558] [rz] [info] 	 DeviceOutput: 3
[2026-06-29 15:55:07.558] [rz] [info] CRzCamyAudioDevice::AddIODevice Adding : Device_HP, Pin: 5, StartChannel: 0, NumChannel: 2
[2026-06-29 15:55:07.558] [rz] [info] 	 Volume Info - Device_HP: Min: -16384, Max: 0, Step: 1 FU: 3
[2026-06-29 15:55:07.558] [rz] [info] 	 AppRecording: 3
[2026-06-29 15:55:07.558] [rz] [info] CRzCamyAudioDevice::AddIODevice Adding : Microphone, Pin: 4, StartChannel: 0, NumChannel: 1
[2026-06-29 15:55:07.558] [rz] [info] 	 AppRecordingVirtual: 4
[2026-06-29 15:55:07.558] [rz] [info] CRzCamyAudioDevice::AddIODevice Adding : StreamMix, Pin: 6, StartChannel: 0, NumChannel: 2
[2026-06-29 15:55:07.558] [rz] [info] CRzCamyAudioDevice::AddIODevice Adding : PlaybackMix, Pin: 6, StartChannel: 2, NumChannel: 2
[2026-06-29 15:55:07.558] [rz] [info] 	 AppPlayback: 3
[2026-06-29 15:55:07.558] [rz] [info] CRzCamyAudioDevice::AddIODevice Adding : Headphones, Pin: 0, StartChannel: 0, NumChannel: 2
[2026-06-29 15:55:07.558] [rz] [info] 	 DeviceInput: 3
[2026-06-29 15:55:07.558] [rz] [info] CRzCamyAudioDevice::AddIODevice Adding : Device_Mic, Pin: 1, StartChannel: 0, NumChannel: 1
[2026-06-29 15:55:07.558] [rz] [info] 	 Volume Info - Device_Mic: Min: 0, Max: 9216, Step: 1 FU: 7
[2026-06-29 15:55:07.558] [rz] [info] CRzCamyAudioDevice::AddIODevice Adding : Device_MicDry, Pin: 1, StartChannel: 1, NumChannel: 1
[2026-06-29 15:55:07.558] [rz] [info] 	 Volume Info - Device_MicDry: Min: 0, Max: 9216, Step: 1 FU: 7
[2026-06-29 15:55:07.558] [rz] [info] CRzCamyAudioDevice::AddIODevice Adding : Device_MicPostExp, Pin: 1, StartChannel: 2, NumChannel: 1
[2026-06-29 15:55:07.558] [rz] [info] 	 Volume Info - Device_MicPostExp: Min: 0, Max: 9216, Step: 1 FU: 7
[2026-06-29 15:55:07.558] [rz] [info] 	 AppPlaybackVirtual: 18
[2026-06-29 15:55:07.558] [rz] [info] CRzCamyAudioDevice::AddIODevice Adding : System, Pin: 2, StartChannel: 0, NumChannel: 2
[2026-06-29 15:55:07.558] [rz] [info] CRzCamyAudioDevice::AddIODevice Adding : Music, Pin: 2, StartChannel: 2, NumChannel: 2
[2026-06-29 15:55:07.558] [rz] [info] CRzCamyAudioDevice::AddIODevice Adding : Game, Pin: 2, StartChannel: 4, NumChannel: 2
[2026-06-29 15:55:07.558] [rz] [info] CRzCamyAudioDevice::AddIODevice Adding : VoiceChat, Pin: 2, StartChannel: 6, NumChannel: 2
[2026-06-29 15:55:07.558] [rz] [info] CRzCamyAudioDevice::AddIODevice Adding : Browser, Pin: 2, StartChannel: 8, NumChannel: 2
[2026-06-29 15:55:07.558] [rz] [info] CRzCamyAudioDevice::AddIODevice Adding : SoundEffects, Pin: 2, StartChannel: 10, NumChannel: 2
[2026-06-29 15:55:07.558] [rz] [info] CRzCamyAudioDevice::AddIODevice Adding : Aux1, Pin: 2, StartChannel: 12, NumChannel: 2
[2026-06-29 15:55:07.558] [rz] [info] CRzCamyAudioDevice::AddIODevice Adding : Aux2, Pin: 2, StartChannel: 14, NumChannel: 2
[2026-06-29 15:55:07.558] [rz] [info] CRzCamyAudioDevice::AddIODevice Adding : Aux3, Pin: 2, StartChannel: 16, NumChannel: 2
[2026-06-29 15:55:07.558] [rz] [info] CRzCamyAudioDevice::GetMode Current Mode: Basic
[2026-06-29 15:55:07.558] [rz] [info] Acquiring Windows Audio Controls...
[2026-06-29 15:55:07.559] [rz] [info] CRzCamyAudioDevice::GetEndpoint Microphone is mismatched with: Service (Do not use) (2- Razer Seiren V3 Pro) 
[2026-06-29 15:55:07.559] [rz] [info] CRzCamyAudioDevice::GetEndpoint Microphone found
[2026-06-29 15:55:07.560] [rz] [info] CRzCamyAudioDevice::GetEndpoint Service found
[2026-06-29 15:55:07.563] [rz] [info] CRzCamyAudioDevice::GetEndpoint Headphones found
[2026-06-29 15:55:07.564] [rz] [info] CRzCamyAudioDevice::AcquireWindowsAudioControls acquire MicVolume and HPVolume successfully
[2026-06-29 15:55:07.564] [rz] [info] CRzCamyAudioDevice::AcquireWindowsAudioControls Done.
[2026-06-29 15:55:07.565] [rz] [info] CamyNative::DeviceInitialize containerId: {6AAC826E-DACA-5976-A233-9A3F6F75C061} r: true.
[2026-06-29 15:55:07.663] [rz] [info] CRzCamyAudioDevice::GetMode Current Mode: Basic
[2026-06-29 15:55:07.663] [rz] [info] CamyNative::GetMode containerId: {6AAC826E-DACA-5976-A233-9A3F6F75C061} result: 0
[2026-06-29 15:55:07.664] [rz] [info] CamyNative::SetLevelMeterEnable bEnable: 1 result: true
[2026-06-29 15:55:08.338] [rz] [info] CCamyDevice::SetMasterSampleRate =>
[2026-06-29 15:55:08.338] [rz] [info] Releasing Windows Audio Controls...
[2026-06-29 15:55:08.393] [rz] [info] WaitForDeviceChange...
[2026-06-29 15:55:12.662] [rz] [info] Acquiring Windows Audio Controls...
[2026-06-29 15:55:12.663] [rz] [info] CRzCamyAudioDevice::GetEndpoint Microphone found
[2026-06-29 15:55:12.664] [rz] [info] CRzCamyAudioDevice::GetEndpoint Headphones found
[2026-06-29 15:55:12.664] [rz] [info] CRzCamyAudioDevice::AcquireWindowsAudioControls acquire MicVolume and HPVolume successfully
[2026-06-29 15:55:12.664] [rz] [info] CRzCamyAudioDevice::AcquireWindowsAudioControls Done.
[2026-06-29 15:55:12.664] [rz] [info] WaitForDeviceChange: DeviceChange received!
[2026-06-29 15:55:12.664] [rz] [info] CCamyDevice::SetMasterSampleRate =><=
[2026-06-29 15:55:12.664] [rz] [info] CRzCamyAudioDevice::GetMode Current Mode: Basic
[2026-06-29 15:55:12.664] [rz] [info] CamyNative::SetMasterSampleRate uSampleRate: 96000 take: 4325ms result: true
[2026-06-29 15:55:12.675] [rz] [info] CamyNative::GetDeviceVolume Device_HP - uLevel: 50
[2026-06-29 15:55:12.676] [rz] [info] CamyNative::GetDeviceMute Device_HP - bMuted: false
[2026-06-29 15:55:12.676] [rz] [info] CamyNative::GetDeviceVolume Device_Mic - uLevel: 100
[2026-06-29 15:55:12.677] [rz] [info] CamyNative::GetDeviceMute Device_Mic - bMuted: false
[2026-06-29 15:55:12.749] [rz] [info] CamyNative::GetDeviceVolume Device_HP - uLevel: 50
[2026-06-29 15:55:12.750] [rz] [info] CamyNative::GetDeviceMute Device_HP - bMuted: false
[2026-06-29 15:55:12.751] [rz] [info] CamyNative::GetDeviceVolume Device_Mic - uLevel: 100
[2026-06-29 15:55:12.751] [rz] [info] CamyNative::GetDeviceMute Device_Mic - bMuted: false
[2026-06-29 15:55:13.173] [rz] [info] CamyNative::SetLevelMeterEnable bEnable: 1 result: true
[2026-06-29 15:55:13.420] [rz] [info] CCamyDevice::SetMasterSampleRate =>
[2026-06-29 15:55:13.420] [rz] [info] CRzCamyAudioDevice::SetMasterSampleRate no need to update sampleRate as 96000 is the same as current one.
[2026-06-29 15:55:13.420] [rz] [info] CCamyDevice::SetMasterSampleRate =><=
[2026-06-29 15:55:13.420] [rz] [info] CRzCamyAudioDevice::GetMode Current Mode: Basic
[2026-06-29 15:55:13.420] [rz] [info] CamyNative::SetMasterSampleRate uSampleRate: 96000 take: 0ms result: true
[2026-06-29 15:55:42.818] [rz] [info] CRzCamyAudioDevice::UpdateDeviceChange skip as Windows Audio Controls are null
[2026-06-29 15:56:06.362] [rz] [info] CamyNative::SetLevelMeterEnable bEnable: 0 result: true
[2026-06-29 16:11:39.730] [rz] [info] CRzCamyAudioDevice::UpdateDeviceChange skip as Windows Audio Controls are null
[2026-06-29 16:11:49.015] [rz] [info] CRzCamyAudioDevice::UpdateDeviceChange skip as Windows Audio Controls are null
[2026-06-29 16:14:53.984] [rz] [info] CRzCamyAudioDevice::UpdateDeviceChange skip as Windows Audio Controls are null
[2026-06-29 16:15:05.628] [rz] [info] CRzCamyAudioDevice::UpdateDeviceChange skip as Windows Audio Controls are null
[2026-06-29 16:22:23.059] [rz] [info] CamyNative::DeviceTerminate containerId: {6AAC826E-DACA-5976-A233-9A3F6F75C061} device removed.
[2026-06-29 16:22:23.059] [rz] [info] CCamyDevice::~CCamyDevice =>
[2026-06-29 16:22:23.060] [rz] [info] CCamyDevice::DisconnectDevice Disconnect done
[2026-06-29 16:22:23.060] [rz] [info] CCamyDevice::~CCamyDevice =><=
[2026-06-29 16:22:23.060] [rz] [info] Releasing Windows Audio Controls...
[2026-06-29 16:22:23.712] [rz] [info] => DLL_PROCESS_DETACH =>
[2026-06-29 16:22:23.712] [rz] [info] CCamyDevicesManager::~CCamyDevicesManager =>
[2026-06-29 16:22:23.712] [rz] [info] CCamyDevicesManager::~CCamyDevicesManager =><=
[2026-06-29 16:22:23.712] [rz] [info] CThreadExecutor::~CThreadExecutor =>
[2026-06-29 16:22:23.712] [rz] [info] CThreadExecutor::~CThreadExecutor =><=
[2026-06-29 16:22:23.712] [rz] [info] => DLL_PROCESS_DETACH =><=
[2026-06-29 16:24:33.891] [rz] [info] => DLL_PROCESS_ATTACH
[2026-06-29 16:24:33.891] [rz] [info] DLL version: 1.0.12.0
[2026-06-29 16:24:33.892] [rz] [info] CThreadExecutor::RunThread =>
[2026-06-29 16:24:33.938] [rz] [info] TUsbAudio Info:
[2026-06-29 16:24:33.938] [rz] [info] 	 DeviceOutput: 3
[2026-06-29 16:24:33.938] [rz] [info] CRzCamyAudioDevice::AddIODevice Adding : Device_HP, Pin: 5, StartChannel: 0, NumChannel: 2
[2026-06-29 16:24:33.938] [rz] [info] 	 Volume Info - Device_HP: Min: -16384, Max: 0, Step: 1 FU: 3
[2026-06-29 16:24:33.938] [rz] [info] 	 AppRecording: 3
[2026-06-29 16:24:33.938] [rz] [info] CRzCamyAudioDevice::AddIODevice Adding : Microphone, Pin: 4, StartChannel: 0, NumChannel: 1
[2026-06-29 16:24:33.938] [rz] [info] 	 AppRecordingVirtual: 4
[2026-06-29 16:24:33.938] [rz] [info] CRzCamyAudioDevice::AddIODevice Adding : StreamMix, Pin: 6, StartChannel: 0, NumChannel: 2
[2026-06-29 16:24:33.938] [rz] [info] CRzCamyAudioDevice::AddIODevice Adding : PlaybackMix, Pin: 6, StartChannel: 2, NumChannel: 2
[2026-06-29 16:24:33.938] [rz] [info] 	 AppPlayback: 3
[2026-06-29 16:24:33.938] [rz] [info] CRzCamyAudioDevice::AddIODevice Adding : Headphones, Pin: 0, StartChannel: 0, NumChannel: 2
[2026-06-29 16:24:33.938] [rz] [info] 	 DeviceInput: 3
[2026-06-29 16:24:33.938] [rz] [info] CRzCamyAudioDevice::AddIODevice Adding : Device_Mic, Pin: 1, StartChannel: 0, NumChannel: 1
[2026-06-29 16:24:33.938] [rz] [info] 	 Volume Info - Device_Mic: Min: 0, Max: 9216, Step: 1 FU: 7
[2026-06-29 16:24:33.938] [rz] [info] CRzCamyAudioDevice::AddIODevice Adding : Device_MicDry, Pin: 1, StartChannel: 1, NumChannel: 1
[2026-06-29 16:24:33.938] [rz] [info] 	 Volume Info - Device_MicDry: Min: 0, Max: 9216, Step: 1 FU: 7
[2026-06-29 16:24:33.938] [rz] [info] CRzCamyAudioDevice::AddIODevice Adding : Device_MicPostExp, Pin: 1, StartChannel: 2, NumChannel: 1
[2026-06-29 16:24:33.938] [rz] [info] 	 Volume Info - Device_MicPostExp: Min: 0, Max: 9216, Step: 1 FU: 7
[2026-06-29 16:24:33.938] [rz] [info] 	 AppPlaybackVirtual: 18
[2026-06-29 16:24:33.938] [rz] [info] CRzCamyAudioDevice::AddIODevice Adding : System, Pin: 2, StartChannel: 0, NumChannel: 2
[2026-06-29 16:24:33.938] [rz] [info] CRzCamyAudioDevice::AddIODevice Adding : Music, Pin: 2, StartChannel: 2, NumChannel: 2
[2026-06-29 16:24:33.938] [rz] [info] CRzCamyAudioDevice::AddIODevice Adding : Game, Pin: 2, StartChannel: 4, NumChannel: 2
[2026-06-29 16:24:33.938] [rz] [info] CRzCamyAudioDevice::AddIODevice Adding : VoiceChat, Pin: 2, StartChannel: 6, NumChannel: 2
[2026-06-29 16:24:33.938] [rz] [info] CRzCamyAudioDevice::AddIODevice Adding : Browser, Pin: 2, StartChannel: 8, NumChannel: 2
[2026-06-29 16:24:33.938] [rz] [info] CRzCamyAudioDevice::AddIODevice Adding : SoundEffects, Pin: 2, StartChannel: 10, NumChannel: 2
[2026-06-29 16:24:33.938] [rz] [info] CRzCamyAudioDevice::AddIODevice Adding : Aux1, Pin: 2, StartChannel: 12, NumChannel: 2
[2026-06-29 16:24:33.938] [rz] [info] CRzCamyAudioDevice::AddIODevice Adding : Aux2, Pin: 2, StartChannel: 14, NumChannel: 2
[2026-06-29 16:24:33.938] [rz] [info] CRzCamyAudioDevice::AddIODevice Adding : Aux3, Pin: 2, StartChannel: 16, NumChannel: 2
[2026-06-29 16:24:33.938] [rz] [info] CRzCamyAudioDevice::GetMode Current Mode: Basic
[2026-06-29 16:24:33.938] [rz] [info] Acquiring Windows Audio Controls...
[2026-06-29 16:24:33.939] [rz] [info] CRzCamyAudioDevice::GetEndpoint Microphone found
[2026-06-29 16:24:33.940] [rz] [info] CRzCamyAudioDevice::GetEndpoint Service is mismatched with: Microphone (2- Razer Seiren V3 Pro) 
[2026-06-29 16:24:33.940] [rz] [info] CRzCamyAudioDevice::GetEndpoint Service found
[2026-06-29 16:24:33.941] [rz] [info] CRzCamyAudioDevice::GetEndpoint Headphones found
[2026-06-29 16:24:33.942] [rz] [info] CRzCamyAudioDevice::AcquireWindowsAudioControls acquire MicVolume and HPVolume successfully
[2026-06-29 16:24:33.942] [rz] [info] CRzCamyAudioDevice::AcquireWindowsAudioControls Done.
[2026-06-29 16:24:33.942] [rz] [info] CamyNative::DeviceInitialize containerId: {6AAC826E-DACA-5976-A233-9A3F6F75C061} r: true.
[2026-06-29 16:24:33.996] [rz] [info] CRzCamyAudioDevice::GetMode Current Mode: Basic
[2026-06-29 16:24:33.996] [rz] [info] CamyNative::GetMode containerId: {6AAC826E-DACA-5976-A233-9A3F6F75C061} result: 0
[2026-06-29 16:24:33.998] [rz] [info] CamyNative::SetLevelMeterEnable bEnable: 1 result: true
[2026-06-29 16:24:34.657] [rz] [info] CCamyDevice::SetMasterSampleRate =>
[2026-06-29 16:24:34.657] [rz] [info] CRzCamyAudioDevice::SetMasterSampleRate no need to update sampleRate as 96000 is the same as current one.
[2026-06-29 16:24:34.657] [rz] [info] CCamyDevice::SetMasterSampleRate =><=
[2026-06-29 16:24:34.657] [rz] [info] CRzCamyAudioDevice::GetMode Current Mode: Basic
[2026-06-29 16:24:34.657] [rz] [info] CamyNative::SetMasterSampleRate uSampleRate: 96000 take: 0ms result: true
[2026-06-29 16:24:34.667] [rz] [info] CamyNative::GetDeviceVolume Device_HP - uLevel: 50
[2026-06-29 16:24:34.668] [rz] [info] CamyNative::GetDeviceMute Device_HP - bMuted: false
[2026-06-29 16:24:34.669] [rz] [info] CamyNative::GetDeviceVolume Device_Mic - uLevel: 100
[2026-06-29 16:24:34.669] [rz] [info] CamyNative::GetDeviceMute Device_Mic - bMuted: false
[2026-06-29 16:24:34.726] [rz] [info] CamyNative::GetDeviceVolume Device_HP - uLevel: 50
[2026-06-29 16:24:34.727] [rz] [info] CamyNative::GetDeviceMute Device_HP - bMuted: false
[2026-06-29 16:24:34.727] [rz] [info] CamyNative::GetDeviceVolume Device_Mic - uLevel: 100
[2026-06-29 16:24:34.728] [rz] [info] CamyNative::GetDeviceMute Device_Mic - bMuted: false
[2026-06-29 16:24:35.315] [rz] [info] CCamyDevice::SetMasterSampleRate =>
[2026-06-29 16:24:35.315] [rz] [info] CRzCamyAudioDevice::SetMasterSampleRate no need to update sampleRate as 96000 is the same as current one.
[2026-06-29 16:24:35.315] [rz] [info] CCamyDevice::SetMasterSampleRate =><=
[2026-06-29 16:24:35.315] [rz] [info] CRzCamyAudioDevice::GetMode Current Mode: Basic
[2026-06-29 16:24:35.315] [rz] [info] CamyNative::SetMasterSampleRate uSampleRate: 96000 take: 0ms result: true
[2026-06-29 16:25:53.085] [rz] [info] CamyNative::DeviceTerminate containerId: {6AAC826E-DACA-5976-A233-9A3F6F75C061} device removed.
[2026-06-29 16:25:53.085] [rz] [info] CCamyDevice::~CCamyDevice =>
[2026-06-29 16:25:53.086] [rz] [info] CCamyDevice::DisconnectDevice Disconnect done
[2026-06-29 16:25:53.086] [rz] [info] CCamyDevice::~CCamyDevice =><=
[2026-06-29 16:25:53.086] [rz] [info] Releasing Windows Audio Controls...
[2026-06-29 16:25:53.747] [rz] [info] => DLL_PROCESS_DETACH =>
[2026-06-29 16:25:53.747] [rz] [info] CCamyDevicesManager::~CCamyDevicesManager =>
[2026-06-29 16:25:53.747] [rz] [info] CCamyDevicesManager::~CCamyDevicesManager =><=
[2026-06-29 16:25:53.747] [rz] [info] CThreadExecutor::~CThreadExecutor =>
[2026-06-29 16:25:53.747] [rz] [info] CThreadExecutor::~CThreadExecutor =><=
[2026-06-29 16:25:53.747] [rz] [info] => DLL_PROCESS_DETACH =><=
[2026-06-29 16:29:07.411] [rz] [info] => DLL_PROCESS_ATTACH
[2026-06-29 16:29:07.411] [rz] [info] DLL version: 1.0.12.0
[2026-06-29 16:29:07.411] [rz] [info] CThreadExecutor::RunThread =>
[2026-06-29 16:29:07.460] [rz] [info] TUsbAudio Info:
[2026-06-29 16:29:07.460] [rz] [info] 	 DeviceOutput: 3
[2026-06-29 16:29:07.460] [rz] [info] CRzCamyAudioDevice::AddIODevice Adding : Device_HP, Pin: 5, StartChannel: 0, NumChannel: 2
[2026-06-29 16:29:07.460] [rz] [info] 	 Volume Info - Device_HP: Min: -16384, Max: 0, Step: 1 FU: 3
[2026-06-29 16:29:07.460] [rz] [info] 	 AppRecording: 3
[2026-06-29 16:29:07.460] [rz] [info] CRzCamyAudioDevice::AddIODevice Adding : Microphone, Pin: 4, StartChannel: 0, NumChannel: 1
[2026-06-29 16:29:07.460] [rz] [info] 	 AppRecordingVirtual: 4
[2026-06-29 16:29:07.460] [rz] [info] CRzCamyAudioDevice::AddIODevice Adding : StreamMix, Pin: 6, StartChannel: 0, NumChannel: 2
[2026-06-29 16:29:07.460] [rz] [info] CRzCamyAudioDevice::AddIODevice Adding : PlaybackMix, Pin: 6, StartChannel: 2, NumChannel: 2
[2026-06-29 16:29:07.460] [rz] [info] 	 AppPlayback: 3
[2026-06-29 16:29:07.460] [rz] [info] CRzCamyAudioDevice::AddIODevice Adding : Headphones, Pin: 0, StartChannel: 0, NumChannel: 2
[2026-06-29 16:29:07.460] [rz] [info] 	 DeviceInput: 3
[2026-06-29 16:29:07.460] [rz] [info] CRzCamyAudioDevice::AddIODevice Adding : Device_Mic, Pin: 1, StartChannel: 0, NumChannel: 1
[2026-06-29 16:29:07.460] [rz] [info] 	 Volume Info - Device_Mic: Min: 0, Max: 9216, Step: 1 FU: 7
[2026-06-29 16:29:07.460] [rz] [info] CRzCamyAudioDevice::AddIODevice Adding : Device_MicDry, Pin: 1, StartChannel: 1, NumChannel: 1
[2026-06-29 16:29:07.460] [rz] [info] 	 Volume Info - Device_MicDry: Min: 0, Max: 9216, Step: 1 FU: 7
[2026-06-29 16:29:07.460] [rz] [info] CRzCamyAudioDevice::AddIODevice Adding : Device_MicPostExp, Pin: 1, StartChannel: 2, NumChannel: 1
[2026-06-29 16:29:07.460] [rz] [info] 	 Volume Info - Device_MicPostExp: Min: 0, Max: 9216, Step: 1 FU: 7
[2026-06-29 16:29:07.460] [rz] [info] 	 AppPlaybackVirtual: 18
[2026-06-29 16:29:07.460] [rz] [info] CRzCamyAudioDevice::AddIODevice Adding : System, Pin: 2, StartChannel: 0, NumChannel: 2
[2026-06-29 16:29:07.460] [rz] [info] CRzCamyAudioDevice::AddIODevice Adding : Music, Pin: 2, StartChannel: 2, NumChannel: 2
[2026-06-29 16:29:07.460] [rz] [info] CRzCamyAudioDevice::AddIODevice Adding : Game, Pin: 2, StartChannel: 4, NumChannel: 2
[2026-06-29 16:29:07.460] [rz] [info] CRzCamyAudioDevice::AddIODevice Adding : VoiceChat, Pin: 2, StartChannel: 6, NumChannel: 2
[2026-06-29 16:29:07.460] [rz] [info] CRzCamyAudioDevice::AddIODevice Adding : Browser, Pin: 2, StartChannel: 8, NumChannel: 2
[2026-06-29 16:29:07.460] [rz] [info] CRzCamyAudioDevice::AddIODevice Adding : SoundEffects, Pin: 2, StartChannel: 10, NumChannel: 2
[2026-06-29 16:29:07.460] [rz] [info] CRzCamyAudioDevice::AddIODevice Adding : Aux1, Pin: 2, StartChannel: 12, NumChannel: 2
[2026-06-29 16:29:07.460] [rz] [info] CRzCamyAudioDevice::AddIODevice Adding : Aux2, Pin: 2, StartChannel: 14, NumChannel: 2
[2026-06-29 16:29:07.460] [rz] [info] CRzCamyAudioDevice::AddIODevice Adding : Aux3, Pin: 2, StartChannel: 16, NumChannel: 2
[2026-06-29 16:29:07.460] [rz] [info] CRzCamyAudioDevice::GetMode Current Mode: Basic
[2026-06-29 16:29:07.460] [rz] [info] Acquiring Windows Audio Controls...
[2026-06-29 16:29:07.462] [rz] [info] CRzCamyAudioDevice::GetEndpoint Microphone found
[2026-06-29 16:29:07.464] [rz] [info] CRzCamyAudioDevice::GetEndpoint Service is mismatched with: Microphone (2- Razer Seiren V3 Pro) 
[2026-06-29 16:29:07.464] [rz] [info] CRzCamyAudioDevice::GetEndpoint Service found
[2026-06-29 16:29:07.466] [rz] [info] CRzCamyAudioDevice::GetEndpoint Headphones found
[2026-06-29 16:29:07.467] [rz] [info] CRzCamyAudioDevice::AcquireWindowsAudioControls acquire MicVolume and HPVolume successfully
[2026-06-29 16:29:07.467] [rz] [info] CRzCamyAudioDevice::AcquireWindowsAudioControls Done.
[2026-06-29 16:29:07.467] [rz] [info] CamyNative::DeviceInitialize containerId: {6AAC826E-DACA-5976-A233-9A3F6F75C061} r: true.
[2026-06-29 16:29:07.520] [rz] [info] CRzCamyAudioDevice::GetMode Current Mode: Basic
[2026-06-29 16:29:07.521] [rz] [info] CamyNative::GetMode containerId: {6AAC826E-DACA-5976-A233-9A3F6F75C061} result: 0
[2026-06-29 16:29:07.521] [rz] [info] CamyNative::SetLevelMeterEnable bEnable: 1 result: true
[2026-06-29 16:29:08.267] [rz] [info] CCamyDevice::SetMasterSampleRate =>
[2026-06-29 16:29:08.267] [rz] [info] CRzCamyAudioDevice::SetMasterSampleRate no need to update sampleRate as 96000 is the same as current one.
[2026-06-29 16:29:08.267] [rz] [info] CCamyDevice::SetMasterSampleRate =><=
[2026-06-29 16:29:08.267] [rz] [info] CRzCamyAudioDevice::GetMode Current Mode: Basic
[2026-06-29 16:29:08.268] [rz] [info] CamyNative::SetMasterSampleRate uSampleRate: 96000 take: 0ms result: true
[2026-06-29 16:29:08.279] [rz] [info] CamyNative::GetDeviceVolume Device_HP - uLevel: 50
[2026-06-29 16:29:08.279] [rz] [info] CamyNative::GetDeviceMute Device_HP - bMuted: false
[2026-06-29 16:29:08.280] [rz] [info] CamyNative::GetDeviceVolume Device_Mic - uLevel: 100
[2026-06-29 16:29:08.281] [rz] [info] CamyNative::GetDeviceMute Device_Mic - bMuted: false
[2026-06-29 16:29:08.347] [rz] [info] CamyNative::GetDeviceVolume Device_HP - uLevel: 50
[2026-06-29 16:29:08.347] [rz] [info] CamyNative::GetDeviceMute Device_HP - bMuted: false
[2026-06-29 16:29:08.348] [rz] [info] CamyNative::GetDeviceVolume Device_Mic - uLevel: 100
[2026-06-29 16:29:08.348] [rz] [info] CamyNative::GetDeviceMute Device_Mic - bMuted: false
[2026-06-29 16:29:08.959] [rz] [info] CCamyDevice::SetMasterSampleRate =>
[2026-06-29 16:29:08.959] [rz] [info] CRzCamyAudioDevice::SetMasterSampleRate no need to update sampleRate as 96000 is the same as current one.
[2026-06-29 16:29:08.959] [rz] [info] CCamyDevice::SetMasterSampleRate =><=
[2026-06-29 16:29:08.960] [rz] [info] CRzCamyAudioDevice::GetMode Current Mode: Basic
[2026-06-29 16:29:08.960] [rz] [info] CamyNative::SetMasterSampleRate uSampleRate: 96000 take: 1ms result: true
[2026-06-29 16:30:07.194] [rz] [info] CRzCamyAudioDevice::UpdateDeviceChange skip as Windows Audio Controls are null
[2026-06-29 16:30:16.115] [rz] [info] CRzCamyAudioDevice::UpdateDeviceChange skip as Windows Audio Controls are null
[2026-06-29 16:33:29.144] [rz] [info] CRzCamyAudioDevice::UpdateDeviceChange skip as Windows Audio Controls are null
[2026-06-29 16:43:31.553] [rz] [info] CamyNative::GetDeviceVolume Device_HP - uLevel: 50
[2026-06-29 16:43:31.555] [rz] [info] CamyNative::GetDeviceMute Device_HP - bMuted: false
[2026-06-29 16:43:31.556] [rz] [info] CamyNative::GetDeviceVolume Device_Mic - uLevel: 100
[2026-06-29 16:43:31.561] [rz] [info] CamyNative::GetDeviceMute Device_Mic - bMuted: false
[2026-06-29 16:43:31.813] [rz] [info] CamyNative::SetLevelMeterEnable bEnable: 1 result: true
[2026-06-29 16:43:32.396] [rz] [info] CRzCamyAudioDevice::UpdateMixerLevel [Device_HP, Device_Mic] - Level: 100, Mute: 0
[2026-06-29 16:43:32.396] [rz] [info] CRzCamyAudioDevice::SetMicMonitorLevel iLevel: 2560 ==> 0x0A00
[2026-06-29 16:43:32.397] [rz] [info] CamyNative::SetDeviceVolume Device_Mic - uLevel: 18 result: true
[2026-06-29 16:43:32.402] [rz] [info] CRzCamyAudioDevice::UpdateMixerLevel [Device_HP, Device_Mic] - Level: 100, Mute: 0
[2026-06-29 16:43:32.402] [rz] [info] CRzCamyAudioDevice::SetMicMonitorLevel iLevel: 2560 ==> 0x0A00
[2026-06-29 16:43:32.402] [rz] [info] CamyNative::SetDeviceMute Device_Mic - bMuted: 0 result: true
[2026-06-29 16:43:37.643] [rz] [info] CamyNative::SetLevelMeterEnable bEnable: 0 result: true
[2026-06-29 16:44:08.594] [rz] [info] CamyNative::DeviceTerminate containerId: {6AAC826E-DACA-5976-A233-9A3F6F75C061} device removed.
[2026-06-29 16:44:08.594] [rz] [info] CCamyDevice::~CCamyDevice =>
[2026-06-29 16:44:08.595] [rz] [info] CCamyDevice::DisconnectDevice Disconnect done
[2026-06-29 16:44:08.595] [rz] [info] CCamyDevice::~CCamyDevice =><=
[2026-06-29 16:44:08.595] [rz] [info] Releasing Windows Audio Controls...
[2026-06-29 16:44:09.256] [rz] [info] => DLL_PROCESS_DETACH =>
[2026-06-29 16:44:09.256] [rz] [info] CCamyDevicesManager::~CCamyDevicesManager =>
[2026-06-29 16:44:09.256] [rz] [info] CCamyDevicesManager::~CCamyDevicesManager =><=
[2026-06-29 16:44:09.257] [rz] [info] CThreadExecutor::~CThreadExecutor =>
[2026-06-29 16:44:09.257] [rz] [info] CThreadExecutor::~CThreadExecutor =><=
[2026-06-29 16:44:09.257] [rz] [info] => DLL_PROCESS_DETACH =><=
[2026-06-29 16:52:38.562] [rz] [info] => DLL_PROCESS_ATTACH
[2026-06-29 16:52:38.562] [rz] [info] DLL version: 1.0.12.0
[2026-06-29 16:52:38.562] [rz] [info] CThreadExecutor::RunThread =>
[2026-06-29 16:52:38.653] [rz] [info] TUsbAudio Info:
[2026-06-29 16:52:38.653] [rz] [info] 	 DeviceOutput: 3
[2026-06-29 16:52:38.653] [rz] [info] CRzCamyAudioDevice::AddIODevice Adding : Device_HP, Pin: 5, StartChannel: 0, NumChannel: 2
[2026-06-29 16:52:38.653] [rz] [info] 	 Volume Info - Device_HP: Min: -16384, Max: 0, Step: 1 FU: 3
[2026-06-29 16:52:38.653] [rz] [info] 	 AppRecording: 3
[2026-06-29 16:52:38.653] [rz] [info] CRzCamyAudioDevice::AddIODevice Adding : Microphone, Pin: 4, StartChannel: 0, NumChannel: 1
[2026-06-29 16:52:38.653] [rz] [info] 	 AppRecordingVirtual: 4
[2026-06-29 16:52:38.653] [rz] [info] CRzCamyAudioDevice::AddIODevice Adding : StreamMix, Pin: 6, StartChannel: 0, NumChannel: 2
[2026-06-29 16:52:38.653] [rz] [info] CRzCamyAudioDevice::AddIODevice Adding : PlaybackMix, Pin: 6, StartChannel: 2, NumChannel: 2
[2026-06-29 16:52:38.653] [rz] [info] 	 AppPlayback: 3
[2026-06-29 16:52:38.654] [rz] [info] CRzCamyAudioDevice::AddIODevice Adding : Headphones, Pin: 0, StartChannel: 0, NumChannel: 2
[2026-06-29 16:52:38.654] [rz] [info] 	 DeviceInput: 3
[2026-06-29 16:52:38.654] [rz] [info] CRzCamyAudioDevice::AddIODevice Adding : Device_Mic, Pin: 1, StartChannel: 0, NumChannel: 1
[2026-06-29 16:52:38.654] [rz] [info] 	 Volume Info - Device_Mic: Min: 0, Max: 9216, Step: 1 FU: 7
[2026-06-29 16:52:38.654] [rz] [info] CRzCamyAudioDevice::AddIODevice Adding : Device_MicDry, Pin: 1, StartChannel: 1, NumChannel: 1
[2026-06-29 16:52:38.654] [rz] [info] 	 Volume Info - Device_MicDry: Min: 0, Max: 9216, Step: 1 FU: 7
[2026-06-29 16:52:38.654] [rz] [info] CRzCamyAudioDevice::AddIODevice Adding : Device_MicPostExp, Pin: 1, StartChannel: 2, NumChannel: 1
[2026-06-29 16:52:38.654] [rz] [info] 	 Volume Info - Device_MicPostExp: Min: 0, Max: 9216, Step: 1 FU: 7
[2026-06-29 16:52:38.654] [rz] [info] 	 AppPlaybackVirtual: 18
[2026-06-29 16:52:38.654] [rz] [info] CRzCamyAudioDevice::AddIODevice Adding : System, Pin: 2, StartChannel: 0, NumChannel: 2
[2026-06-29 16:52:38.654] [rz] [info] CRzCamyAudioDevice::AddIODevice Adding : Music, Pin: 2, StartChannel: 2, NumChannel: 2
[2026-06-29 16:52:38.654] [rz] [info] CRzCamyAudioDevice::AddIODevice Adding : Game, Pin: 2, StartChannel: 4, NumChannel: 2
[2026-06-29 16:52:38.654] [rz] [info] CRzCamyAudioDevice::AddIODevice Adding : VoiceChat, Pin: 2, StartChannel: 6, NumChannel: 2
[2026-06-29 16:52:38.654] [rz] [info] CRzCamyAudioDevice::AddIODevice Adding : Browser, Pin: 2, StartChannel: 8, NumChannel: 2
[2026-06-29 16:52:38.654] [rz] [info] CRzCamyAudioDevice::AddIODevice Adding : SoundEffects, Pin: 2, StartChannel: 10, NumChannel: 2
[2026-06-29 16:52:38.654] [rz] [info] CRzCamyAudioDevice::AddIODevice Adding : Aux1, Pin: 2, StartChannel: 12, NumChannel: 2
[2026-06-29 16:52:38.654] [rz] [info] CRzCamyAudioDevice::AddIODevice Adding : Aux2, Pin: 2, StartChannel: 14, NumChannel: 2
[2026-06-29 16:52:38.654] [rz] [info] CRzCamyAudioDevice::AddIODevice Adding : Aux3, Pin: 2, StartChannel: 16, NumChannel: 2
[2026-06-29 16:52:38.654] [rz] [info] CRzCamyAudioDevice::GetMode Current Mode: Basic
[2026-06-29 16:52:38.654] [rz] [info] Acquiring Windows Audio Controls...
[2026-06-29 16:52:38.654] [rz] [info] CRzCamyAudioDevice::GetEndpoint Microphone found
[2026-06-29 16:52:38.655] [rz] [info] CRzCamyAudioDevice::GetEndpoint Service is mismatched with: Microphone (2- Razer Seiren V3 Pro) 
[2026-06-29 16:52:38.656] [rz] [info] CRzCamyAudioDevice::GetEndpoint Service found
[2026-06-29 16:52:38.657] [rz] [info] CRzCamyAudioDevice::GetEndpoint Headphones found
[2026-06-29 16:52:38.657] [rz] [info] CRzCamyAudioDevice::AcquireWindowsAudioControls acquire MicVolume and HPVolume successfully
[2026-06-29 16:52:38.657] [rz] [info] CRzCamyAudioDevice::AcquireWindowsAudioControls Done.
[2026-06-29 16:52:38.657] [rz] [info] CamyNative::DeviceInitialize containerId: {6AAC826E-DACA-5976-A233-9A3F6F75C061} r: true.
[2026-06-29 16:52:38.831] [rz] [info] CRzCamyAudioDevice::GetMode Current Mode: Basic
[2026-06-29 16:52:38.831] [rz] [info] CamyNative::GetMode containerId: {6AAC826E-DACA-5976-A233-9A3F6F75C061} result: 0
[2026-06-29 16:52:38.832] [rz] [info] CamyNative::SetLevelMeterEnable bEnable: 1 result: true
[2026-06-29 16:52:39.680] [rz] [info] CCamyDevice::SetMasterSampleRate =>
[2026-06-29 16:52:39.680] [rz] [info] CRzCamyAudioDevice::SetMasterSampleRate no need to update sampleRate as 96000 is the same as current one.
[2026-06-29 16:52:39.680] [rz] [info] CCamyDevice::SetMasterSampleRate =><=
[2026-06-29 16:52:39.680] [rz] [info] CRzCamyAudioDevice::GetMode Current Mode: Basic
[2026-06-29 16:52:39.680] [rz] [info] CamyNative::SetMasterSampleRate uSampleRate: 96000 take: 0ms result: true
[2026-06-29 16:52:39.688] [rz] [info] CamyNative::GetDeviceVolume Device_HP - uLevel: 50
[2026-06-29 16:52:39.689] [rz] [info] CamyNative::GetDeviceMute Device_HP - bMuted: false
[2026-06-29 16:52:39.690] [rz] [info] CamyNative::GetDeviceVolume Device_Mic - uLevel: 18
[2026-06-29 16:52:39.690] [rz] [info] CamyNative::GetDeviceMute Device_Mic - bMuted: false
[2026-06-29 16:52:39.756] [rz] [info] CamyNative::GetDeviceVolume Device_HP - uLevel: 50
[2026-06-29 16:52:39.756] [rz] [info] CamyNative::GetDeviceMute Device_HP - bMuted: false
[2026-06-29 16:52:39.757] [rz] [info] CamyNative::GetDeviceVolume Device_Mic - uLevel: 18
[2026-06-29 16:52:39.757] [rz] [info] CamyNative::GetDeviceMute Device_Mic - bMuted: false
[2026-06-29 16:52:40.440] [rz] [info] CCamyDevice::SetMasterSampleRate =>
[2026-06-29 16:52:40.441] [rz] [info] CRzCamyAudioDevice::SetMasterSampleRate no need to update sampleRate as 96000 is the same as current one.
[2026-06-29 16:52:40.441] [rz] [info] CCamyDevice::SetMasterSampleRate =><=
[2026-06-29 16:52:40.441] [rz] [info] CRzCamyAudioDevice::GetMode Current Mode: Basic
[2026-06-29 16:52:40.441] [rz] [info] CamyNative::SetMasterSampleRate uSampleRate: 96000 take: 0ms result: true
[2026-06-29 17:01:44.462] [rz] [info] CRzCamyAudioDevice::UpdateDeviceChange skip as Windows Audio Controls are null
[2026-06-29 17:13:52.018] [rz] [info] CRzCamyAudioDevice::UpdateDeviceChange skip as Windows Audio Controls are null
[2026-06-29 17:13:55.596] [rz] [info] CamyNative::DeviceTerminate containerId: {6AAC826E-DACA-5976-A233-9A3F6F75C061} device removed.
[2026-06-29 17:13:55.597] [rz] [info] CCamyDevice::~CCamyDevice =>
[2026-06-29 17:13:55.598] [rz] [info] CCamyDevice::DisconnectDevice Disconnect done
[2026-06-29 17:13:55.598] [rz] [info] CCamyDevice::~CCamyDevice =><=
[2026-06-29 17:13:55.598] [rz] [info] Releasing Windows Audio Controls...
[2026-06-29 17:13:56.188] [rz] [info] => DLL_PROCESS_DETACH =>
[2026-06-29 17:13:56.188] [rz] [info] CCamyDevicesManager::~CCamyDevicesManager =>
[2026-06-29 17:13:56.188] [rz] [info] CCamyDevicesManager::~CCamyDevicesManager =><=
[2026-06-29 17:13:56.188] [rz] [info] CThreadExecutor::~CThreadExecutor =>
[2026-06-29 17:13:56.188] [rz] [info] CThreadExecutor::~CThreadExecutor =><=
[2026-06-29 17:13:56.188] [rz] [info] => DLL_PROCESS_DETACH =><=
[2026-06-29 19:51:50.898] [rz] [info] => DLL_PROCESS_ATTACH
[2026-06-29 19:51:50.899] [rz] [info] DLL version: 1.0.12.0
[2026-06-29 19:51:50.900] [rz] [info] CThreadExecutor::RunThread =>
[2026-06-29 19:51:50.941] [rz] [info] TUsbAudio Info:
[2026-06-29 19:51:50.941] [rz] [info] 	 DeviceOutput: 3
[2026-06-29 19:51:50.941] [rz] [info] CRzCamyAudioDevice::AddIODevice Adding : Device_HP, Pin: 5, StartChannel: 0, NumChannel: 2
[2026-06-29 19:51:50.941] [rz] [info] 	 Volume Info - Device_HP: Min: -16384, Max: 0, Step: 1 FU: 3
[2026-06-29 19:51:50.941] [rz] [info] 	 AppRecording: 3
[2026-06-29 19:51:50.942] [rz] [info] CRzCamyAudioDevice::AddIODevice Adding : Microphone, Pin: 4, StartChannel: 0, NumChannel: 1
[2026-06-29 19:51:50.942] [rz] [info] 	 AppRecordingVirtual: 4
[2026-06-29 19:51:50.942] [rz] [info] CRzCamyAudioDevice::AddIODevice Adding : StreamMix, Pin: 6, StartChannel: 0, NumChannel: 2
[2026-06-29 19:51:50.942] [rz] [info] CRzCamyAudioDevice::AddIODevice Adding : PlaybackMix, Pin: 6, StartChannel: 2, NumChannel: 2
[2026-06-29 19:51:50.942] [rz] [info] 	 AppPlayback: 3
[2026-06-29 19:51:50.942] [rz] [info] CRzCamyAudioDevice::AddIODevice Adding : Headphones, Pin: 0, StartChannel: 0, NumChannel: 2
[2026-06-29 19:51:50.942] [rz] [info] 	 DeviceInput: 3
[2026-06-29 19:51:50.942] [rz] [info] CRzCamyAudioDevice::AddIODevice Adding : Device_Mic, Pin: 1, StartChannel: 0, NumChannel: 1
[2026-06-29 19:51:50.942] [rz] [info] 	 Volume Info - Device_Mic: Min: 0, Max: 9216, Step: 1 FU: 7
[2026-06-29 19:51:50.942] [rz] [info] CRzCamyAudioDevice::AddIODevice Adding : Device_MicDry, Pin: 1, StartChannel: 1, NumChannel: 1
[2026-06-29 19:51:50.942] [rz] [info] 	 Volume Info - Device_MicDry: Min: 0, Max: 9216, Step: 1 FU: 7
[2026-06-29 19:51:50.942] [rz] [info] CRzCamyAudioDevice::AddIODevice Adding : Device_MicPostExp, Pin: 1, StartChannel: 2, NumChannel: 1
[2026-06-29 19:51:50.942] [rz] [info] 	 Volume Info - Device_MicPostExp: Min: 0, Max: 9216, Step: 1 FU: 7
[2026-06-29 19:51:50.942] [rz] [info] 	 AppPlaybackVirtual: 18
[2026-06-29 19:51:50.942] [rz] [info] CRzCamyAudioDevice::AddIODevice Adding : System, Pin: 2, StartChannel: 0, NumChannel: 2
[2026-06-29 19:51:50.942] [rz] [info] CRzCamyAudioDevice::AddIODevice Adding : Music, Pin: 2, StartChannel: 2, NumChannel: 2
[2026-06-29 19:51:50.942] [rz] [info] CRzCamyAudioDevice::AddIODevice Adding : Game, Pin: 2, StartChannel: 4, NumChannel: 2
[2026-06-29 19:51:50.942] [rz] [info] CRzCamyAudioDevice::AddIODevice Adding : VoiceChat, Pin: 2, StartChannel: 6, NumChannel: 2
[2026-06-29 19:51:50.942] [rz] [info] CRzCamyAudioDevice::AddIODevice Adding : Browser, Pin: 2, StartChannel: 8, NumChannel: 2
[2026-06-29 19:51:50.942] [rz] [info] CRzCamyAudioDevice::AddIODevice Adding : SoundEffects, Pin: 2, StartChannel: 10, NumChannel: 2
[2026-06-29 19:51:50.942] [rz] [info] CRzCamyAudioDevice::AddIODevice Adding : Aux1, Pin: 2, StartChannel: 12, NumChannel: 2
[2026-06-29 19:51:50.942] [rz] [info] CRzCamyAudioDevice::AddIODevice Adding : Aux2, Pin: 2, StartChannel: 14, NumChannel: 2
[2026-06-29 19:51:50.942] [rz] [info] CRzCamyAudioDevice::AddIODevice Adding : Aux3, Pin: 2, StartChannel: 16, NumChannel: 2
[2026-06-29 19:51:50.942] [rz] [info] CRzCamyAudioDevice::GetMode Current Mode: Basic
[2026-06-29 19:51:50.942] [rz] [info] Acquiring Windows Audio Controls...
[2026-06-29 19:51:50.943] [rz] [info] CRzCamyAudioDevice::GetEndpoint Microphone found
[2026-06-29 19:51:50.945] [rz] [info] CRzCamyAudioDevice::GetEndpoint Service is mismatched with: Microphone (2- Razer Seiren V3 Pro) 
[2026-06-29 19:51:50.946] [rz] [info] CRzCamyAudioDevice::GetEndpoint Service found
[2026-06-29 19:51:50.949] [rz] [info] CRzCamyAudioDevice::GetEndpoint Headphones found
[2026-06-29 19:51:50.950] [rz] [info] CRzCamyAudioDevice::AcquireWindowsAudioControls acquire MicVolume and HPVolume successfully
[2026-06-29 19:51:50.950] [rz] [info] CRzCamyAudioDevice::AcquireWindowsAudioControls Done.
[2026-06-29 19:51:50.950] [rz] [info] CamyNative::DeviceInitialize containerId: {6AAC826E-DACA-5976-A233-9A3F6F75C061} r: true.
[2026-06-29 19:51:51.002] [rz] [info] CRzCamyAudioDevice::GetMode Current Mode: Basic
[2026-06-29 19:51:51.002] [rz] [info] CamyNative::GetMode containerId: {6AAC826E-DACA-5976-A233-9A3F6F75C061} result: 0
[2026-06-29 19:51:51.003] [rz] [info] CamyNative::SetLevelMeterEnable bEnable: 1 result: true
[2026-06-29 19:51:51.754] [rz] [info] CCamyDevice::SetMasterSampleRate =>
[2026-06-29 19:51:51.754] [rz] [info] CRzCamyAudioDevice::SetMasterSampleRate no need to update sampleRate as 96000 is the same as current one.
[2026-06-29 19:51:51.754] [rz] [info] CCamyDevice::SetMasterSampleRate =><=
[2026-06-29 19:51:51.754] [rz] [info] CRzCamyAudioDevice::GetMode Current Mode: Basic
[2026-06-29 19:51:51.754] [rz] [info] CamyNative::SetMasterSampleRate uSampleRate: 96000 take: 0ms result: true
[2026-06-29 19:51:51.764] [rz] [info] CamyNative::GetDeviceVolume Device_HP - uLevel: 70
[2026-06-29 19:51:51.765] [rz] [info] CamyNative::GetDeviceMute Device_HP - bMuted: false
[2026-06-29 19:51:51.766] [rz] [info] CamyNative::GetDeviceVolume Device_Mic - uLevel: 18
[2026-06-29 19:51:51.766] [rz] [info] CamyNative::GetDeviceMute Device_Mic - bMuted: false
[2026-06-29 19:51:51.824] [rz] [info] CamyNative::GetDeviceVolume Device_HP - uLevel: 70
[2026-06-29 19:51:51.825] [rz] [info] CamyNative::GetDeviceMute Device_HP - bMuted: false
[2026-06-29 19:51:51.825] [rz] [info] CamyNative::GetDeviceVolume Device_Mic - uLevel: 18
[2026-06-29 19:51:51.826] [rz] [info] CamyNative::GetDeviceMute Device_Mic - bMuted: false
[2026-06-29 19:51:52.366] [rz] [info] CCamyDevice::SetMasterSampleRate =>
[2026-06-29 19:51:52.366] [rz] [info] CRzCamyAudioDevice::SetMasterSampleRate no need to update sampleRate as 96000 is the same as current one.
[2026-06-29 19:51:52.366] [rz] [info] CCamyDevice::SetMasterSampleRate =><=
[2026-06-29 19:51:52.367] [rz] [info] CRzCamyAudioDevice::GetMode Current Mode: Basic
[2026-06-29 19:51:52.367] [rz] [info] CamyNative::SetMasterSampleRate uSampleRate: 96000 take: 0ms result: true
[2026-06-29 19:58:21.753] [rz] [info] CRzCamyAudioDevice::UpdateMixerLevel [Device_HP, Device_Mic] - Level: 100, Mute: 0
[2026-06-29 19:58:21.753] [rz] [info] CRzCamyAudioDevice::SetMicMonitorLevel iLevel: 2560 ==> 0x0A00
[2026-06-29 19:58:21.754] [rz] [info] deviceCamyChanged : {"containerId":"{6AAC826E-DACA-5976-A233-9A3F6F75C061}","deviceId":262145,"event":"deviceCamyChanged","eventType":"deviceVolume","level":17,"mute":0}
[2026-06-29 19:58:21.754] [rz] [info] CRzCamyAudioDevice::UpdateMixerLevel [Device_HP, Device_Mic] - Level: 100, Mute: 0
[2026-06-29 19:58:21.754] [rz] [info] CRzCamyAudioDevice::SetMicMonitorLevel iLevel: 2560 ==> 0x0A00
[2026-06-29 19:58:21.755] [rz] [info] deviceCamyChanged : {"containerId":"{6AAC826E-DACA-5976-A233-9A3F6F75C061}","deviceId":262145,"event":"deviceCamyChanged","eventType":"deviceVolume","level":31,"mute":0}
[2026-06-29 19:58:22.127] [rz] [info] CRzCamyAudioDevice::UpdateMixerLevel [Device_HP, Device_Mic] - Level: 100, Mute: 0
[2026-06-29 19:58:22.128] [rz] [info] CRzCamyAudioDevice::SetMicMonitorLevel iLevel: 2560 ==> 0x0A00
[2026-06-29 19:58:22.128] [rz] [info] deviceCamyChanged : {"containerId":"{6AAC826E-DACA-5976-A233-9A3F6F75C061}","deviceId":262145,"event":"deviceCamyChanged","eventType":"deviceVolume","level":52,"mute":0}
[2026-06-29 19:58:22.455] [rz] [info] CRzCamyAudioDevice::UpdateMixerLevel [Device_HP, Device_Mic] - Level: 100, Mute: 0
[2026-06-29 19:58:22.455] [rz] [info] CRzCamyAudioDevice::SetMicMonitorLevel iLevel: 2560 ==> 0x0A00
[2026-06-29 19:58:22.457] [rz] [info] deviceCamyChanged : {"containerId":"{6AAC826E-DACA-5976-A233-9A3F6F75C061}","deviceId":262145,"event":"deviceCamyChanged","eventType":"deviceVolume","level":69,"mute":0}
[2026-06-29 19:58:22.814] [rz] [info] CRzCamyAudioDevice::UpdateMixerLevel [Device_HP, Device_Mic] - Level: 100, Mute: 0
[2026-06-29 19:58:22.815] [rz] [info] CRzCamyAudioDevice::SetMicMonitorLevel iLevel: 2560 ==> 0x0A00
[2026-06-29 19:58:22.816] [rz] [info] deviceCamyChanged : {"containerId":"{6AAC826E-DACA-5976-A233-9A3F6F75C061}","deviceId":262145,"event":"deviceCamyChanged","eventType":"deviceVolume","level":86,"mute":0}
[2026-06-29 19:58:23.174] [rz] [info] CRzCamyAudioDevice::UpdateMixerLevel [Device_HP, Device_Mic] - Level: 100, Mute: 0
[2026-06-29 19:58:23.174] [rz] [info] CRzCamyAudioDevice::SetMicMonitorLevel iLevel: 2560 ==> 0x0A00
[2026-06-29 19:58:23.175] [rz] [info] deviceCamyChanged : {"containerId":"{6AAC826E-DACA-5976-A233-9A3F6F75C061}","deviceId":262145,"event":"deviceCamyChanged","eventType":"deviceVolume","level":100,"mute":0}
[2026-06-29 19:58:24.531] [rz] [info] CRzCamyAudioDevice::UpdateMixerLevel [Device_HP, Device_Mic] - Level: 100, Mute: 0
[2026-06-29 19:58:24.531] [rz] [info] CRzCamyAudioDevice::SetMicMonitorLevel iLevel: 2560 ==> 0x0A00
[2026-06-29 19:58:24.532] [rz] [info] deviceCamyChanged : {"containerId":"{6AAC826E-DACA-5976-A233-9A3F6F75C061}","deviceId":262145,"event":"deviceCamyChanged","eventType":"deviceVolume","level":98,"mute":0}
[2026-06-29 19:58:39.211] [rz] [info] CRzCamyAudioDevice::UpdateMixerLevel [Device_HP, Device_Mic] - Level: 100, Mute: 0
[2026-06-29 19:58:39.211] [rz] [info] CRzCamyAudioDevice::SetMicMonitorLevel iLevel: 2560 ==> 0x0A00
[2026-06-29 19:58:39.212] [rz] [info] deviceCamyChanged : {"containerId":"{6AAC826E-DACA-5976-A233-9A3F6F75C061}","deviceId":262145,"event":"deviceCamyChanged","eventType":"deviceVolume","level":100,"mute":0}
[2026-06-29 21:23:48.646] [rz] [info] CRzCamyAudioDevice::UpdateDeviceChange skip as Windows Audio Controls are null
[2026-06-29 21:30:20.704] [rz] [info] CRzCamyAudioDevice::UpdateDeviceChange skip as Windows Audio Controls are null
[2026-06-29 21:33:05.968] [rz] [info] CRzCamyAudioDevice::UpdateDeviceChange skip as Windows Audio Controls are null
[2026-06-29 21:35:53.357] [rz] [info] CamyNative::DeviceTerminate containerId: {6AAC826E-DACA-5976-A233-9A3F6F75C061} device removed.
[2026-06-29 21:35:53.361] [rz] [info] CCamyDevice::~CCamyDevice =>
[2026-06-29 21:35:53.361] [rz] [info] CCamyDevice::DisconnectDevice Disconnect done
[2026-06-29 21:35:53.361] [rz] [info] CCamyDevice::~CCamyDevice =><=
[2026-06-29 21:35:53.361] [rz] [info] Releasing Windows Audio Controls...
[2026-06-29 21:35:53.867] [rz] [info] => DLL_PROCESS_DETACH =>
[2026-06-29 21:35:53.867] [rz] [info] CCamyDevicesManager::~CCamyDevicesManager =>
[2026-06-29 21:35:53.867] [rz] [info] CCamyDevicesManager::~CCamyDevicesManager =><=
[2026-06-29 21:35:53.867] [rz] [info] CThreadExecutor::~CThreadExecutor =>
[2026-06-29 21:35:53.867] [rz] [info] CThreadExecutor::~CThreadExecutor =><=
[2026-06-29 21:35:53.867] [rz] [info] => DLL_PROCESS_DETACH =><=
[2026-06-30 19:36:44.477] [rz] [info] => DLL_PROCESS_ATTACH
[2026-06-30 19:36:44.477] [rz] [info] DLL version: 1.0.12.0
[2026-06-30 19:36:44.487] [rz] [info] CThreadExecutor::RunThread =>
[2026-06-30 19:36:44.582] [rz] [info] TUsbAudio Info:
[2026-06-30 19:36:44.582] [rz] [info] 	 DeviceOutput: 3
[2026-06-30 19:36:44.582] [rz] [info] CRzCamyAudioDevice::AddIODevice Adding : Device_HP, Pin: 5, StartChannel: 0, NumChannel: 2
[2026-06-30 19:36:44.582] [rz] [info] 	 Volume Info - Device_HP: Min: -16384, Max: 0, Step: 1 FU: 3
[2026-06-30 19:36:44.582] [rz] [info] 	 AppRecording: 3
[2026-06-30 19:36:44.582] [rz] [info] CRzCamyAudioDevice::AddIODevice Adding : Microphone, Pin: 4, StartChannel: 0, NumChannel: 1
[2026-06-30 19:36:44.582] [rz] [info] 	 AppRecordingVirtual: 4
[2026-06-30 19:36:44.582] [rz] [info] CRzCamyAudioDevice::AddIODevice Adding : StreamMix, Pin: 6, StartChannel: 0, NumChannel: 2
[2026-06-30 19:36:44.582] [rz] [info] CRzCamyAudioDevice::AddIODevice Adding : PlaybackMix, Pin: 6, StartChannel: 2, NumChannel: 2
[2026-06-30 19:36:44.582] [rz] [info] 	 AppPlayback: 3
[2026-06-30 19:36:44.582] [rz] [info] CRzCamyAudioDevice::AddIODevice Adding : Headphones, Pin: 0, StartChannel: 0, NumChannel: 2
[2026-06-30 19:36:44.582] [rz] [info] 	 DeviceInput: 3
[2026-06-30 19:36:44.582] [rz] [info] CRzCamyAudioDevice::AddIODevice Adding : Device_Mic, Pin: 1, StartChannel: 0, NumChannel: 1
[2026-06-30 19:36:44.582] [rz] [info] 	 Volume Info - Device_Mic: Min: 0, Max: 9216, Step: 1 FU: 7
[2026-06-30 19:36:44.582] [rz] [info] CRzCamyAudioDevice::AddIODevice Adding : Device_MicDry, Pin: 1, StartChannel: 1, NumChannel: 1
[2026-06-30 19:36:44.582] [rz] [info] 	 Volume Info - Device_MicDry: Min: 0, Max: 9216, Step: 1 FU: 7
[2026-06-30 19:36:44.582] [rz] [info] CRzCamyAudioDevice::AddIODevice Adding : Device_MicPostExp, Pin: 1, StartChannel: 2, NumChannel: 1
[2026-06-30 19:36:44.582] [rz] [info] 	 Volume Info - Device_MicPostExp: Min: 0, Max: 9216, Step: 1 FU: 7
[2026-06-30 19:36:44.582] [rz] [info] 	 AppPlaybackVirtual: 18
[2026-06-30 19:36:44.582] [rz] [info] CRzCamyAudioDevice::AddIODevice Adding : System, Pin: 2, StartChannel: 0, NumChannel: 2
[2026-06-30 19:36:44.582] [rz] [info] CRzCamyAudioDevice::AddIODevice Adding : Music, Pin: 2, StartChannel: 2, NumChannel: 2
[2026-06-30 19:36:44.582] [rz] [info] CRzCamyAudioDevice::AddIODevice Adding : Game, Pin: 2, StartChannel: 4, NumChannel: 2
[2026-06-30 19:36:44.582] [rz] [info] CRzCamyAudioDevice::AddIODevice Adding : VoiceChat, Pin: 2, StartChannel: 6, NumChannel: 2
[2026-06-30 19:36:44.582] [rz] [info] CRzCamyAudioDevice::AddIODevice Adding : Browser, Pin: 2, StartChannel: 8, NumChannel: 2
[2026-06-30 19:36:44.582] [rz] [info] CRzCamyAudioDevice::AddIODevice Adding : SoundEffects, Pin: 2, StartChannel: 10, NumChannel: 2
[2026-06-30 19:36:44.582] [rz] [info] CRzCamyAudioDevice::AddIODevice Adding : Aux1, Pin: 2, StartChannel: 12, NumChannel: 2
[2026-06-30 19:36:44.582] [rz] [info] CRzCamyAudioDevice::AddIODevice Adding : Aux2, Pin: 2, StartChannel: 14, NumChannel: 2
[2026-06-30 19:36:44.582] [rz] [info] CRzCamyAudioDevice::AddIODevice Adding : Aux3, Pin: 2, StartChannel: 16, NumChannel: 2
[2026-06-30 19:36:44.582] [rz] [info] CRzCamyAudioDevice::GetMode Current Mode: Basic
[2026-06-30 19:36:44.582] [rz] [info] Acquiring Windows Audio Controls...
[2026-06-30 19:36:44.584] [rz] [info] CRzCamyAudioDevice::GetEndpoint Microphone found
[2026-06-30 19:36:44.586] [rz] [info] CRzCamyAudioDevice::GetEndpoint Service is mismatched with: Microphone (2- Razer Seiren V3 Pro) 
[2026-06-30 19:36:44.588] [rz] [info] CRzCamyAudioDevice::GetEndpoint Service found
[2026-06-30 19:36:44.590] [rz] [info] CRzCamyAudioDevice::GetEndpoint Headphones found
[2026-06-30 19:36:44.592] [rz] [info] CRzCamyAudioDevice::AcquireWindowsAudioControls acquire MicVolume and HPVolume successfully
[2026-06-30 19:36:44.592] [rz] [info] CRzCamyAudioDevice::AcquireWindowsAudioControls Done.
[2026-06-30 19:36:44.592] [rz] [info] CamyNative::DeviceInitialize containerId: {6AAC826E-DACA-5976-A233-9A3F6F75C061} r: true.
[2026-06-30 19:36:44.642] [rz] [info] CRzCamyAudioDevice::GetMode Current Mode: Basic
[2026-06-30 19:36:44.642] [rz] [info] CamyNative::GetMode containerId: {6AAC826E-DACA-5976-A233-9A3F6F75C061} result: 0
[2026-06-30 19:36:44.643] [rz] [info] CamyNative::SetLevelMeterEnable bEnable: 1 result: true
[2026-06-30 19:36:45.250] [rz] [info] CCamyDevice::SetMasterSampleRate =>
[2026-06-30 19:36:45.250] [rz] [info] CRzCamyAudioDevice::SetMasterSampleRate no need to update sampleRate as 96000 is the same as current one.
[2026-06-30 19:36:45.250] [rz] [info] CCamyDevice::SetMasterSampleRate =><=
[2026-06-30 19:36:45.250] [rz] [info] CRzCamyAudioDevice::GetMode Current Mode: Basic
[2026-06-30 19:36:45.250] [rz] [info] CamyNative::SetMasterSampleRate uSampleRate: 96000 take: 0ms result: true
[2026-06-30 19:36:45.264] [rz] [info] CamyNative::GetDeviceVolume Device_HP - uLevel: 70
[2026-06-30 19:36:45.265] [rz] [info] CamyNative::GetDeviceMute Device_HP - bMuted: false
[2026-06-30 19:36:45.271] [rz] [info] CamyNative::GetDeviceVolume Device_Mic - uLevel: 100
[2026-06-30 19:36:45.274] [rz] [info] CamyNative::GetDeviceMute Device_Mic - bMuted: false
[2026-06-30 19:36:45.331] [rz] [info] CamyNative::GetDeviceVolume Device_HP - uLevel: 70
[2026-06-30 19:36:45.331] [rz] [info] CamyNative::GetDeviceMute Device_HP - bMuted: false
[2026-06-30 19:36:45.332] [rz] [info] CamyNative::GetDeviceVolume Device_Mic - uLevel: 100
[2026-06-30 19:36:45.333] [rz] [info] CamyNative::GetDeviceMute Device_Mic - bMuted: false
[2026-06-30 19:36:45.986] [rz] [info] CCamyDevice::SetMasterSampleRate =>
[2026-06-30 19:36:45.986] [rz] [info] CRzCamyAudioDevice::SetMasterSampleRate no need to update sampleRate as 96000 is the same as current one.
[2026-06-30 19:36:45.986] [rz] [info] CCamyDevice::SetMasterSampleRate =><=
[2026-06-30 19:36:45.986] [rz] [info] CRzCamyAudioDevice::GetMode Current Mode: Basic
[2026-06-30 19:36:45.986] [rz] [info] CamyNative::SetMasterSampleRate uSampleRate: 96000 take: 0ms result: true
[2026-07-01 00:59:21.730] [rz] [info] CamyNative::DeviceTerminate containerId: {6AAC826E-DACA-5976-A233-9A3F6F75C061} device removed.
[2026-07-01 00:59:21.730] [rz] [info] CCamyDevice::~CCamyDevice =>
[2026-07-01 00:59:21.731] [rz] [info] CCamyDevice::DisconnectDevice Disconnect done
[2026-07-01 00:59:21.731] [rz] [info] CCamyDevice::~CCamyDevice =><=
[2026-07-01 00:59:21.731] [rz] [info] Releasing Windows Audio Controls...
[2026-07-01 00:59:22.297] [rz] [info] => DLL_PROCESS_DETACH =>
[2026-07-01 00:59:22.297] [rz] [info] CCamyDevicesManager::~CCamyDevicesManager =>
[2026-07-01 00:59:22.297] [rz] [info] CCamyDevicesManager::~CCamyDevicesManager =><=
[2026-07-01 00:59:22.297] [rz] [info] CThreadExecutor::~CThreadExecutor =>
[2026-07-01 00:59:22.297] [rz] [info] CThreadExecutor::~CThreadExecutor =><=
[2026-07-01 00:59:22.297] [rz] [info] => DLL_PROCESS_DETACH =><=
[2026-07-04 15:56:16.446] [rz] [info] => DLL_PROCESS_ATTACH
[2026-07-04 15:56:16.446] [rz] [info] DLL version: 1.0.12.0
[2026-07-04 15:56:16.446] [rz] [info] CThreadExecutor::RunThread =>
[2026-07-04 15:56:16.496] [rz] [info] TUsbAudio Info:
[2026-07-04 15:56:16.496] [rz] [info] 	 DeviceOutput: 3
[2026-07-04 15:56:16.496] [rz] [info] CRzCamyAudioDevice::AddIODevice Adding : Device_HP, Pin: 5, StartChannel: 0, NumChannel: 2
[2026-07-04 15:56:16.496] [rz] [info] 	 Volume Info - Device_HP: Min: -16384, Max: 0, Step: 1 FU: 3
[2026-07-04 15:56:16.496] [rz] [info] 	 AppRecording: 3
[2026-07-04 15:56:16.496] [rz] [info] CRzCamyAudioDevice::AddIODevice Adding : Microphone, Pin: 4, StartChannel: 0, NumChannel: 1
[2026-07-04 15:56:16.496] [rz] [info] 	 AppRecordingVirtual: 4
[2026-07-04 15:56:16.496] [rz] [info] CRzCamyAudioDevice::AddIODevice Adding : StreamMix, Pin: 6, StartChannel: 0, NumChannel: 2
[2026-07-04 15:56:16.496] [rz] [info] CRzCamyAudioDevice::AddIODevice Adding : PlaybackMix, Pin: 6, StartChannel: 2, NumChannel: 2
[2026-07-04 15:56:16.496] [rz] [info] 	 AppPlayback: 3
[2026-07-04 15:56:16.496] [rz] [info] CRzCamyAudioDevice::AddIODevice Adding : Headphones, Pin: 0, StartChannel: 0, NumChannel: 2
[2026-07-04 15:56:16.496] [rz] [info] 	 DeviceInput: 3
[2026-07-04 15:56:16.496] [rz] [info] CRzCamyAudioDevice::AddIODevice Adding : Device_Mic, Pin: 1, StartChannel: 0, NumChannel: 1
[2026-07-04 15:56:16.496] [rz] [info] 	 Volume Info - Device_Mic: Min: 0, Max: 9216, Step: 1 FU: 7
[2026-07-04 15:56:16.496] [rz] [info] CRzCamyAudioDevice::AddIODevice Adding : Device_MicDry, Pin: 1, StartChannel: 1, NumChannel: 1
[2026-07-04 15:56:16.497] [rz] [info] 	 Volume Info - Device_MicDry: Min: 0, Max: 9216, Step: 1 FU: 7
[2026-07-04 15:56:16.497] [rz] [info] CRzCamyAudioDevice::AddIODevice Adding : Device_MicPostExp, Pin: 1, StartChannel: 2, NumChannel: 1
[2026-07-04 15:56:16.497] [rz] [info] 	 Volume Info - Device_MicPostExp: Min: 0, Max: 9216, Step: 1 FU: 7
[2026-07-04 15:56:16.497] [rz] [info] 	 AppPlaybackVirtual: 18
[2026-07-04 15:56:16.497] [rz] [info] CRzCamyAudioDevice::AddIODevice Adding : System, Pin: 2, StartChannel: 0, NumChannel: 2
[2026-07-04 15:56:16.497] [rz] [info] CRzCamyAudioDevice::AddIODevice Adding : Music, Pin: 2, StartChannel: 2, NumChannel: 2
[2026-07-04 15:56:16.497] [rz] [info] CRzCamyAudioDevice::AddIODevice Adding : Game, Pin: 2, StartChannel: 4, NumChannel: 2
[2026-07-04 15:56:16.497] [rz] [info] CRzCamyAudioDevice::AddIODevice Adding : VoiceChat, Pin: 2, StartChannel: 6, NumChannel: 2
[2026-07-04 15:56:16.497] [rz] [info] CRzCamyAudioDevice::AddIODevice Adding : Browser, Pin: 2, StartChannel: 8, NumChannel: 2
[2026-07-04 15:56:16.497] [rz] [info] CRzCamyAudioDevice::AddIODevice Adding : SoundEffects, Pin: 2, StartChannel: 10, NumChannel: 2
[2026-07-04 15:56:16.497] [rz] [info] CRzCamyAudioDevice::AddIODevice Adding : Aux1, Pin: 2, StartChannel: 12, NumChannel: 2
[2026-07-04 15:56:16.497] [rz] [info] CRzCamyAudioDevice::AddIODevice Adding : Aux2, Pin: 2, StartChannel: 14, NumChannel: 2
[2026-07-04 15:56:16.497] [rz] [info] CRzCamyAudioDevice::AddIODevice Adding : Aux3, Pin: 2, StartChannel: 16, NumChannel: 2
[2026-07-04 15:56:16.497] [rz] [info] CRzCamyAudioDevice::GetMode Current Mode: Basic
[2026-07-04 15:56:16.497] [rz] [info] Acquiring Windows Audio Controls...
[2026-07-04 15:56:16.499] [rz] [info] CRzCamyAudioDevice::GetEndpoint Microphone found
[2026-07-04 15:56:16.501] [rz] [info] CRzCamyAudioDevice::GetEndpoint Service is mismatched with: Microphone (2- Razer Seiren V3 Pro) 
[2026-07-04 15:56:16.502] [rz] [info] CRzCamyAudioDevice::GetEndpoint Service found
[2026-07-04 15:56:16.504] [rz] [info] CRzCamyAudioDevice::GetEndpoint Headphones found
[2026-07-04 15:56:16.505] [rz] [info] CRzCamyAudioDevice::AcquireWindowsAudioControls acquire MicVolume and HPVolume successfully
[2026-07-04 15:56:16.505] [rz] [info] CRzCamyAudioDevice::AcquireWindowsAudioControls Done.
[2026-07-04 15:56:16.505] [rz] [info] CamyNative::DeviceInitialize containerId: {6AAC826E-DACA-5976-A233-9A3F6F75C061} r: true.
[2026-07-04 15:56:16.571] [rz] [info] CRzCamyAudioDevice::GetMode Current Mode: Basic
[2026-07-04 15:56:16.571] [rz] [info] CamyNative::GetMode containerId: {6AAC826E-DACA-5976-A233-9A3F6F75C061} result: 0
[2026-07-04 15:56:16.573] [rz] [info] CamyNative::SetLevelMeterEnable bEnable: 1 result: true
[2026-07-04 15:56:17.376] [rz] [info] CCamyDevice::SetMasterSampleRate =>
[2026-07-04 15:56:17.376] [rz] [info] CRzCamyAudioDevice::SetMasterSampleRate no need to update sampleRate as 96000 is the same as current one.
[2026-07-04 15:56:17.376] [rz] [info] CCamyDevice::SetMasterSampleRate =><=
[2026-07-04 15:56:17.376] [rz] [info] CRzCamyAudioDevice::GetMode Current Mode: Basic
[2026-07-04 15:56:17.376] [rz] [info] CamyNative::SetMasterSampleRate uSampleRate: 96000 take: 0ms result: true
[2026-07-04 15:56:17.387] [rz] [info] CamyNative::GetDeviceVolume Device_HP - uLevel: 70
[2026-07-04 15:56:17.388] [rz] [info] CamyNative::GetDeviceMute Device_HP - bMuted: false
[2026-07-04 15:56:17.390] [rz] [info] CamyNative::GetDeviceVolume Device_Mic - uLevel: 100
[2026-07-04 15:56:17.390] [rz] [info] CamyNative::GetDeviceMute Device_Mic - bMuted: false
[2026-07-04 15:56:17.466] [rz] [info] CamyNative::GetDeviceVolume Device_HP - uLevel: 70
[2026-07-04 15:56:17.467] [rz] [info] CamyNative::GetDeviceMute Device_HP - bMuted: false
[2026-07-04 15:56:17.468] [rz] [info] CamyNative::GetDeviceVolume Device_Mic - uLevel: 100
[2026-07-04 15:56:17.469] [rz] [info] CamyNative::GetDeviceMute Device_Mic - bMuted: false
[2026-07-04 15:56:18.182] [rz] [info] CCamyDevice::SetMasterSampleRate =>
[2026-07-04 15:56:18.182] [rz] [info] CRzCamyAudioDevice::SetMasterSampleRate no need to update sampleRate as 96000 is the same as current one.
[2026-07-04 15:56:18.182] [rz] [info] CCamyDevice::SetMasterSampleRate =><=
[2026-07-04 15:56:18.182] [rz] [info] CRzCamyAudioDevice::GetMode Current Mode: Basic
[2026-07-04 15:56:18.182] [rz] [info] CamyNative::SetMasterSampleRate uSampleRate: 96000 take: 0ms result: true
[2026-07-04 17:36:05.297] [rz] [info] CamyNative::DeviceTerminate containerId: {6AAC826E-DACA-5976-A233-9A3F6F75C061} device removed.
[2026-07-04 17:36:05.299] [rz] [info] CCamyDevice::~CCamyDevice =>
[2026-07-04 17:36:05.300] [rz] [info] CCamyDevice::DisconnectDevice Disconnect done
[2026-07-04 17:36:05.300] [rz] [info] CCamyDevice::~CCamyDevice =><=
[2026-07-04 17:36:05.300] [rz] [info] Releasing Windows Audio Controls...
[2026-07-05 00:44:01.272] [rz] [info] => DLL_PROCESS_DETACH =>
[2026-07-05 00:44:01.272] [rz] [info] CCamyDevicesManager::~CCamyDevicesManager =>
[2026-07-05 00:44:01.272] [rz] [info] CCamyDevicesManager::~CCamyDevicesManager =><=
[2026-07-05 00:44:01.272] [rz] [info] CThreadExecutor::~CThreadExecutor =>
[2026-07-05 00:44:01.272] [rz] [info] CThreadExecutor::~CThreadExecutor =><=
[2026-07-05 00:44:01.272] [rz] [info] => DLL_PROCESS_DETACH =><=
[2026-07-06 12:49:04.696] [rz] [info] => DLL_PROCESS_ATTACH
[2026-07-06 12:49:04.697] [rz] [info] DLL version: 1.0.12.0
[2026-07-06 12:49:04.697] [rz] [info] CThreadExecutor::RunThread =>
[2026-07-06 12:49:04.752] [rz] [info] TUsbAudio Info:
[2026-07-06 12:49:04.752] [rz] [info] 	 DeviceOutput: 3
[2026-07-06 12:49:04.752] [rz] [info] CRzCamyAudioDevice::AddIODevice Adding : Device_HP, Pin: 5, StartChannel: 0, NumChannel: 2
[2026-07-06 12:49:04.752] [rz] [info] 	 Volume Info - Device_HP: Min: -16384, Max: 0, Step: 1 FU: 3
[2026-07-06 12:49:04.752] [rz] [info] 	 AppRecording: 3
[2026-07-06 12:49:04.752] [rz] [info] CRzCamyAudioDevice::AddIODevice Adding : Microphone, Pin: 4, StartChannel: 0, NumChannel: 1
[2026-07-06 12:49:04.752] [rz] [info] 	 AppRecordingVirtual: 4
[2026-07-06 12:49:04.752] [rz] [info] CRzCamyAudioDevice::AddIODevice Adding : StreamMix, Pin: 6, StartChannel: 0, NumChannel: 2
[2026-07-06 12:49:04.752] [rz] [info] CRzCamyAudioDevice::AddIODevice Adding : PlaybackMix, Pin: 6, StartChannel: 2, NumChannel: 2
[2026-07-06 12:49:04.752] [rz] [info] 	 AppPlayback: 3
[2026-07-06 12:49:04.752] [rz] [info] CRzCamyAudioDevice::AddIODevice Adding : Headphones, Pin: 0, StartChannel: 0, NumChannel: 2
[2026-07-06 12:49:04.752] [rz] [info] 	 DeviceInput: 3
[2026-07-06 12:49:04.752] [rz] [info] CRzCamyAudioDevice::AddIODevice Adding : Device_Mic, Pin: 1, StartChannel: 0, NumChannel: 1
[2026-07-06 12:49:04.752] [rz] [info] 	 Volume Info - Device_Mic: Min: 0, Max: 9216, Step: 1 FU: 7
[2026-07-06 12:49:04.752] [rz] [info] CRzCamyAudioDevice::AddIODevice Adding : Device_MicDry, Pin: 1, StartChannel: 1, NumChannel: 1
[2026-07-06 12:49:04.752] [rz] [info] 	 Volume Info - Device_MicDry: Min: 0, Max: 9216, Step: 1 FU: 7
[2026-07-06 12:49:04.752] [rz] [info] CRzCamyAudioDevice::AddIODevice Adding : Device_MicPostExp, Pin: 1, StartChannel: 2, NumChannel: 1
[2026-07-06 12:49:04.752] [rz] [info] 	 Volume Info - Device_MicPostExp: Min: 0, Max: 9216, Step: 1 FU: 7
[2026-07-06 12:49:04.752] [rz] [info] 	 AppPlaybackVirtual: 18
[2026-07-06 12:49:04.752] [rz] [info] CRzCamyAudioDevice::AddIODevice Adding : System, Pin: 2, StartChannel: 0, NumChannel: 2
[2026-07-06 12:49:04.752] [rz] [info] CRzCamyAudioDevice::AddIODevice Adding : Music, Pin: 2, StartChannel: 2, NumChannel: 2
[2026-07-06 12:49:04.752] [rz] [info] CRzCamyAudioDevice::AddIODevice Adding : Game, Pin: 2, StartChannel: 4, NumChannel: 2
[2026-07-06 12:49:04.752] [rz] [info] CRzCamyAudioDevice::AddIODevice Adding : VoiceChat, Pin: 2, StartChannel: 6, NumChannel: 2
[2026-07-06 12:49:04.752] [rz] [info] CRzCamyAudioDevice::AddIODevice Adding : Browser, Pin: 2, StartChannel: 8, NumChannel: 2
[2026-07-06 12:49:04.752] [rz] [info] CRzCamyAudioDevice::AddIODevice Adding : SoundEffects, Pin: 2, StartChannel: 10, NumChannel: 2
[2026-07-06 12:49:04.752] [rz] [info] CRzCamyAudioDevice::AddIODevice Adding : Aux1, Pin: 2, StartChannel: 12, NumChannel: 2
[2026-07-06 12:49:04.752] [rz] [info] CRzCamyAudioDevice::AddIODevice Adding : Aux2, Pin: 2, StartChannel: 14, NumChannel: 2
[2026-07-06 12:49:04.752] [rz] [info] CRzCamyAudioDevice::AddIODevice Adding : Aux3, Pin: 2, StartChannel: 16, NumChannel: 2
[2026-07-06 12:49:04.752] [rz] [info] CRzCamyAudioDevice::GetMode Current Mode: Basic
[2026-07-06 12:49:04.752] [rz] [info] Acquiring Windows Audio Controls...
[2026-07-06 12:49:04.753] [rz] [info] CRzCamyAudioDevice::GetEndpoint Microphone found
[2026-07-06 12:49:04.754] [rz] [info] CRzCamyAudioDevice::GetEndpoint Service is mismatched with: Microphone (2- Razer Seiren V3 Pro) 
[2026-07-06 12:49:04.755] [rz] [info] CRzCamyAudioDevice::GetEndpoint Service found
[2026-07-06 12:49:04.756] [rz] [info] CRzCamyAudioDevice::GetEndpoint Headphones found
[2026-07-06 12:49:04.756] [rz] [info] CRzCamyAudioDevice::AcquireWindowsAudioControls acquire MicVolume and HPVolume successfully
[2026-07-06 12:49:04.756] [rz] [info] CRzCamyAudioDevice::AcquireWindowsAudioControls Done.
[2026-07-06 12:49:04.756] [rz] [info] CamyNative::DeviceInitialize containerId: {6AAC826E-DACA-5976-A233-9A3F6F75C061} r: true.
[2026-07-06 12:49:04.828] [rz] [info] CRzCamyAudioDevice::GetMode Current Mode: Basic
[2026-07-06 12:49:04.828] [rz] [info] CamyNative::GetMode containerId: {6AAC826E-DACA-5976-A233-9A3F6F75C061} result: 0
[2026-07-06 12:49:04.830] [rz] [info] CamyNative::SetLevelMeterEnable bEnable: 1 result: true
[2026-07-06 12:49:05.831] [rz] [info] CCamyDevice::SetMasterSampleRate =>
[2026-07-06 12:49:05.831] [rz] [info] CRzCamyAudioDevice::SetMasterSampleRate no need to update sampleRate as 96000 is the same as current one.
[2026-07-06 12:49:05.831] [rz] [info] CCamyDevice::SetMasterSampleRate =><=
[2026-07-06 12:49:05.831] [rz] [info] CRzCamyAudioDevice::GetMode Current Mode: Basic
[2026-07-06 12:49:05.831] [rz] [info] CamyNative::SetMasterSampleRate uSampleRate: 96000 take: 0ms result: true
[2026-07-06 12:49:05.851] [rz] [info] CamyNative::GetDeviceVolume Device_HP - uLevel: 70
[2026-07-06 12:49:05.866] [rz] [info] CamyNative::GetDeviceMute Device_HP - bMuted: false
[2026-07-06 12:49:06.005] [rz] [info] CamyNative::GetDeviceVolume Device_Mic - uLevel: 100
[2026-07-06 12:49:06.020] [rz] [info] CamyNative::GetDeviceMute Device_Mic - bMuted: false
[2026-07-06 12:49:06.061] [rz] [info] CamyNative::GetDeviceVolume Device_HP - uLevel: 70
[2026-07-06 12:49:06.064] [rz] [info] CamyNative::GetDeviceMute Device_HP - bMuted: false
[2026-07-06 12:49:06.068] [rz] [info] CamyNative::GetDeviceVolume Device_Mic - uLevel: 100
[2026-07-06 12:49:06.074] [rz] [info] CamyNative::GetDeviceMute Device_Mic - bMuted: false
[2026-07-06 12:49:06.233] [rz] [info] CamyNative::GetDeviceVolume Device_HP - uLevel: 70
[2026-07-06 12:49:06.234] [rz] [info] CamyNative::GetDeviceMute Device_HP - bMuted: false
[2026-07-06 12:49:06.235] [rz] [info] CamyNative::GetDeviceVolume Device_Mic - uLevel: 100
[2026-07-06 12:49:06.239] [rz] [info] CamyNative::GetDeviceMute Device_Mic - bMuted: false
[2026-07-06 12:49:06.764] [rz] [info] CamyNative::SetLevelMeterEnable bEnable: 1 result: true
[2026-07-06 12:49:07.181] [rz] [info] CCamyDevice::SetMasterSampleRate =>
[2026-07-06 12:49:07.181] [rz] [info] CRzCamyAudioDevice::SetMasterSampleRate no need to update sampleRate as 96000 is the same as current one.
[2026-07-06 12:49:07.181] [rz] [info] CCamyDevice::SetMasterSampleRate =><=
[2026-07-06 12:49:07.181] [rz] [info] CRzCamyAudioDevice::GetMode Current Mode: Basic
[2026-07-06 12:49:07.181] [rz] [info] CamyNative::SetMasterSampleRate uSampleRate: 96000 take: 0ms result: true
[2026-07-06 12:49:07.208] [rz] [info] CRzCamyAudioDevice::UpdateMixerLevel [Device_HP, Device_Mic] - Level: 100, Mute: 0
[2026-07-06 12:49:07.208] [rz] [info] CRzCamyAudioDevice::SetMicMonitorLevel iLevel: 2560 ==> 0x0A00
[2026-07-06 12:49:07.208] [rz] [info] CamyNative::SetDeviceVolume Device_Mic - uLevel: 18 result: true
[2026-07-06 12:49:07.211] [rz] [info] CRzCamyAudioDevice::UpdateMixerLevel [Device_HP, Device_Mic] - Level: 100, Mute: 0
[2026-07-06 12:49:07.211] [rz] [info] CRzCamyAudioDevice::SetMicMonitorLevel iLevel: 2560 ==> 0x0A00
[2026-07-06 12:49:07.212] [rz] [info] CamyNative::SetDeviceMute Device_Mic - bMuted: 0 result: true
[2026-07-06 12:49:11.799] [rz] [info] CamyNative::SetLevelMeterEnable bEnable: 0 result: true
[2026-07-06 12:49:13.462] [rz] [info] CamyNative::SetLevelMeterEnable bEnable: 1 result: true
[2026-07-06 12:49:23.419] [rz] [info] CRzCamyAudioDevice::UpdateMixerLevel [Device_HP, Device_Mic] - Level: 100, Mute: 0
[2026-07-06 12:49:23.419] [rz] [info] CRzCamyAudioDevice::SetMicMonitorLevel iLevel: 2560 ==> 0x0A00
[2026-07-06 12:49:23.421] [rz] [info] deviceCamyChanged : {"containerId":"{6AAC826E-DACA-5976-A233-9A3F6F75C061}","deviceId":262145,"event":"deviceCamyChanged","eventType":"deviceVolume","level":31,"mute":0}
[2026-07-06 12:49:23.758] [rz] [info] CRzCamyAudioDevice::UpdateMixerLevel [Device_HP, Device_Mic] - Level: 100, Mute: 0
[2026-07-06 12:49:23.758] [rz] [info] CRzCamyAudioDevice::SetMicMonitorLevel iLevel: 2560 ==> 0x0A00
[2026-07-06 12:49:23.759] [rz] [info] deviceCamyChanged : {"containerId":"{6AAC826E-DACA-5976-A233-9A3F6F75C061}","deviceId":262145,"event":"deviceCamyChanged","eventType":"deviceVolume","level":40,"mute":0}
[2026-07-06 12:49:24.103] [rz] [info] CRzCamyAudioDevice::UpdateMixerLevel [Device_HP, Device_Mic] - Level: 100, Mute: 0
[2026-07-06 12:49:24.103] [rz] [info] CRzCamyAudioDevice::SetMicMonitorLevel iLevel: 2560 ==> 0x0A00
[2026-07-06 12:49:24.104] [rz] [info] deviceCamyChanged : {"containerId":"{6AAC826E-DACA-5976-A233-9A3F6F75C061}","deviceId":262145,"event":"deviceCamyChanged","eventType":"deviceVolume","level":53,"mute":0}
[2026-07-06 12:49:24.382] [rz] [info] CRzCamyAudioDevice::UpdateMixerLevel [Device_HP, Device_Mic] - Level: 100, Mute: 0
[2026-07-06 12:49:24.383] [rz] [info] CRzCamyAudioDevice::SetMicMonitorLevel iLevel: 2560 ==> 0x0A00
[2026-07-06 12:49:24.383] [rz] [info] deviceCamyChanged : {"containerId":"{6AAC826E-DACA-5976-A233-9A3F6F75C061}","deviceId":262145,"event":"deviceCamyChanged","eventType":"deviceVolume","level":59,"mute":0}
[2026-07-06 12:49:24.590] [rz] [info] CRzCamyAudioDevice::UpdateMixerLevel [Device_HP, Device_Mic] - Level: 100, Mute: 0
[2026-07-06 12:49:24.590] [rz] [info] CRzCamyAudioDevice::SetMicMonitorLevel iLevel: 2560 ==> 0x0A00
[2026-07-06 12:49:24.591] [rz] [info] deviceCamyChanged : {"containerId":"{6AAC826E-DACA-5976-A233-9A3F6F75C061}","deviceId":262145,"event":"deviceCamyChanged","eventType":"deviceVolume","level":60,"mute":0}
[2026-07-06 12:49:24.653] [rz] [info] CRzCamyAudioDevice::UpdateMixerLevel [Device_HP, Device_Mic] - Level: 100, Mute: 0
[2026-07-06 12:49:24.653] [rz] [info] CRzCamyAudioDevice::SetMicMonitorLevel iLevel: 2560 ==> 0x0A00
[2026-07-06 12:49:24.654] [rz] [info] deviceCamyChanged : {"containerId":"{6AAC826E-DACA-5976-A233-9A3F6F75C061}","deviceId":262145,"event":"deviceCamyChanged","eventType":"deviceVolume","level":61,"mute":0}
[2026-07-06 12:49:24.933] [rz] [info] CRzCamyAudioDevice::UpdateMixerLevel [Device_HP, Device_Mic] - Level: 100, Mute: 0
[2026-07-06 12:49:24.933] [rz] [info] CRzCamyAudioDevice::SetMicMonitorLevel iLevel: 2560 ==> 0x0A00
[2026-07-06 12:49:24.934] [rz] [info] deviceCamyChanged : {"containerId":"{6AAC826E-DACA-5976-A233-9A3F6F75C061}","deviceId":262145,"event":"deviceCamyChanged","eventType":"deviceVolume","level":70,"mute":0}
[2026-07-06 12:49:25.230] [rz] [info] CRzCamyAudioDevice::UpdateMixerLevel [Device_HP, Device_Mic] - Level: 100, Mute: 0
[2026-07-06 12:49:25.230] [rz] [info] CRzCamyAudioDevice::SetMicMonitorLevel iLevel: 2560 ==> 0x0A00
[2026-07-06 12:49:25.232] [rz] [info] deviceCamyChanged : {"containerId":"{6AAC826E-DACA-5976-A233-9A3F6F75C061}","deviceId":262145,"event":"deviceCamyChanged","eventType":"deviceVolume","level":79,"mute":0}
[2026-07-06 12:49:25.613] [rz] [info] CRzCamyAudioDevice::UpdateMixerLevel [Device_HP, Device_Mic] - Level: 100, Mute: 0
[2026-07-06 12:49:25.614] [rz] [info] CRzCamyAudioDevice::SetMicMonitorLevel iLevel: 2560 ==> 0x0A00
[2026-07-06 12:49:25.615] [rz] [info] deviceCamyChanged : {"containerId":"{6AAC826E-DACA-5976-A233-9A3F6F75C061}","deviceId":262145,"event":"deviceCamyChanged","eventType":"deviceVolume","level":96,"mute":0}
[2026-07-06 12:49:26.096] [rz] [info] CRzCamyAudioDevice::UpdateMixerLevel [Device_HP, Device_Mic] - Level: 100, Mute: 0
[2026-07-06 12:49:26.096] [rz] [info] CRzCamyAudioDevice::SetMicMonitorLevel iLevel: 2560 ==> 0x0A00
[2026-07-06 12:49:26.097] [rz] [info] deviceCamyChanged : {"containerId":"{6AAC826E-DACA-5976-A233-9A3F6F75C061}","deviceId":262145,"event":"deviceCamyChanged","eventType":"deviceVolume","level":100,"mute":0}
[2026-07-06 12:49:27.243] [rz] [info] CRzCamyAudioDevice::UpdateMixerLevel [Device_HP, Device_Mic] - Level: 100, Mute: 0
[2026-07-06 12:49:27.243] [rz] [info] CRzCamyAudioDevice::SetMicMonitorLevel iLevel: 2560 ==> 0x0A00
[2026-07-06 12:49:27.244] [rz] [info] deviceCamyChanged : {"containerId":"{6AAC826E-DACA-5976-A233-9A3F6F75C061}","deviceId":262145,"event":"deviceCamyChanged","eventType":"deviceVolume","level":84,"mute":0}
[2026-07-06 12:49:27.409] [rz] [info] CRzCamyAudioDevice::UpdateMixerLevel [Device_HP, Device_Mic] - Level: 100, Mute: 0
[2026-07-06 12:49:27.410] [rz] [info] CRzCamyAudioDevice::SetMicMonitorLevel iLevel: 2560 ==> 0x0A00
[2026-07-06 12:49:27.411] [rz] [info] deviceCamyChanged : {"containerId":"{6AAC826E-DACA-5976-A233-9A3F6F75C061}","deviceId":262145,"event":"deviceCamyChanged","eventType":"deviceVolume","level":79,"mute":0}
[2026-07-06 12:49:28.135] [rz] [info] CRzCamyAudioDevice::UpdateMixerLevel [Device_HP, Device_Mic] - Level: 100, Mute: 0
[2026-07-06 12:49:28.135] [rz] [info] CRzCamyAudioDevice::SetMicMonitorLevel iLevel: 2560 ==> 0x0A00
[2026-07-06 12:49:28.136] [rz] [info] deviceCamyChanged : {"containerId":"{6AAC826E-DACA-5976-A233-9A3F6F75C061}","deviceId":262145,"event":"deviceCamyChanged","eventType":"deviceVolume","level":100,"mute":0}
[2026-07-06 12:49:29.122] [rz] [info] CRzCamyAudioDevice::UpdateMixerLevel [Device_HP, Device_Mic] - Level: 100, Mute: 0
[2026-07-06 12:49:29.122] [rz] [info] CRzCamyAudioDevice::SetMicMonitorLevel iLevel: 2560 ==> 0x0A00
[2026-07-06 12:49:29.123] [rz] [info] CamyNative::SetDeviceVolume Device_Mic - uLevel: 100 result: true
[2026-07-06 12:49:29.124] [rz] [info] CRzCamyAudioDevice::UpdateMixerLevel [Device_HP, Device_Mic] - Level: 100, Mute: 0
[2026-07-06 12:49:29.124] [rz] [info] CRzCamyAudioDevice::SetMicMonitorLevel iLevel: 2560 ==> 0x0A00
[2026-07-06 12:49:29.124] [rz] [info] CamyNative::SetDeviceMute Device_Mic - bMuted: 0 result: true
[2026-07-06 12:49:47.762] [rz] [info] CRzCamyAudioDevice::UpdateMixerLevel [Device_HP, Device_Mic] - Level: 100, Mute: 0
[2026-07-06 12:49:47.762] [rz] [info] CRzCamyAudioDevice::SetMicMonitorLevel iLevel: 2560 ==> 0x0A00
[2026-07-06 12:49:47.763] [rz] [info] CamyNative::SetDeviceVolume Device_Mic - uLevel: 95 result: true
[2026-07-06 12:49:47.765] [rz] [info] CRzCamyAudioDevice::UpdateMixerLevel [Device_HP, Device_Mic] - Level: 100, Mute: 0
[2026-07-06 12:49:47.765] [rz] [info] CRzCamyAudioDevice::SetMicMonitorLevel iLevel: 2560 ==> 0x0A00
[2026-07-06 12:49:47.765] [rz] [info] CamyNative::SetDeviceMute Device_Mic - bMuted: 0 result: true
[2026-07-06 12:49:58.987] [rz] [info] CRzCamyAudioDevice::UpdateMixerLevel [Device_HP, Device_Mic] - Level: 100, Mute: 0
[2026-07-06 12:49:58.987] [rz] [info] CRzCamyAudioDevice::SetMicMonitorLevel iLevel: 2560 ==> 0x0A00
[2026-07-06 12:49:58.988] [rz] [info] deviceCamyChanged : {"containerId":"{6AAC826E-DACA-5976-A233-9A3F6F75C061}","deviceId":262145,"event":"deviceCamyChanged","eventType":"deviceVolume","level":100,"mute":0}
[2026-07-06 12:50:27.606] [rz] [info] CRzCamyAudioDevice::UpdateMixerLevel [Device_HP, Device_Mic] - Level: 100, Mute: 0
[2026-07-06 12:50:27.606] [rz] [info] CRzCamyAudioDevice::SetMicMonitorLevel iLevel: 2560 ==> 0x0A00
[2026-07-06 12:50:27.606] [rz] [info] CamyNative::SetDeviceVolume Device_Mic - uLevel: 95 result: true
[2026-07-06 12:50:27.607] [rz] [info] CRzCamyAudioDevice::UpdateMixerLevel [Device_HP, Device_Mic] - Level: 100, Mute: 0
[2026-07-06 12:50:27.607] [rz] [info] CRzCamyAudioDevice::SetMicMonitorLevel iLevel: 2560 ==> 0x0A00
[2026-07-06 12:50:27.608] [rz] [info] CamyNative::SetDeviceMute Device_Mic - bMuted: 0 result: true
[2026-07-06 12:50:39.323] [rz] [info] CRzCamyAudioDevice::UpdateMixerLevel [Device_HP, Device_Mic] - Level: 100, Mute: 0
[2026-07-06 12:50:39.323] [rz] [info] CRzCamyAudioDevice::SetMicMonitorLevel iLevel: 2560 ==> 0x0A00
[2026-07-06 12:50:39.323] [rz] [info] CamyNative::SetDeviceVolume Device_Mic - uLevel: 100 result: true
[2026-07-06 12:50:39.324] [rz] [info] CRzCamyAudioDevice::UpdateMixerLevel [Device_HP, Device_Mic] - Level: 100, Mute: 0
[2026-07-06 12:50:39.325] [rz] [info] CRzCamyAudioDevice::SetMicMonitorLevel iLevel: 2560 ==> 0x0A00
[2026-07-06 12:50:39.325] [rz] [info] CamyNative::SetDeviceMute Device_Mic - bMuted: 0 result: true
[2026-07-06 12:50:41.786] [rz] [info] CRzCamyAudioDevice::UpdateMixerLevel [Device_HP, Device_Mic] - Level: 100, Mute: 0
[2026-07-06 12:50:41.786] [rz] [info] CRzCamyAudioDevice::SetMicMonitorLevel iLevel: 2560 ==> 0x0A00
[2026-07-06 12:50:41.786] [rz] [info] CamyNative::SetDeviceVolume Device_Mic - uLevel: 99 result: true
[2026-07-06 12:50:41.789] [rz] [info] CRzCamyAudioDevice::UpdateMixerLevel [Device_HP, Device_Mic] - Level: 100, Mute: 0
[2026-07-06 12:50:41.789] [rz] [info] CRzCamyAudioDevice::SetMicMonitorLevel iLevel: 2560 ==> 0x0A00
[2026-07-06 12:50:41.790] [rz] [info] CamyNative::SetDeviceMute Device_Mic - bMuted: 0 result: true
[2026-07-06 12:50:42.120] [rz] [info] CRzCamyAudioDevice::UpdateMixerLevel [Device_HP, Device_Mic] - Level: 100, Mute: 0
[2026-07-06 12:50:42.120] [rz] [info] CRzCamyAudioDevice::SetMicMonitorLevel iLevel: 2560 ==> 0x0A00
[2026-07-06 12:50:42.121] [rz] [info] CamyNative::SetDeviceVolume Device_Mic - uLevel: 98 result: true
[2026-07-06 12:50:42.122] [rz] [info] CRzCamyAudioDevice::UpdateMixerLevel [Device_HP, Device_Mic] - Level: 100, Mute: 0
[2026-07-06 12:50:42.122] [rz] [info] CRzCamyAudioDevice::SetMicMonitorLevel iLevel: 2560 ==> 0x0A00
[2026-07-06 12:50:42.122] [rz] [info] CamyNative::SetDeviceMute Device_Mic - bMuted: 0 result: true
[2026-07-06 12:50:42.674] [rz] [info] CRzCamyAudioDevice::UpdateMixerLevel [Device_HP, Device_Mic] - Level: 100, Mute: 0
[2026-07-06 12:50:42.674] [rz] [info] CRzCamyAudioDevice::SetMicMonitorLevel iLevel: 2560 ==> 0x0A00
[2026-07-06 12:50:42.675] [rz] [info] CamyNative::SetDeviceVolume Device_Mic - uLevel: 97 result: true
[2026-07-06 12:50:42.676] [rz] [info] CRzCamyAudioDevice::UpdateMixerLevel [Device_HP, Device_Mic] - Level: 100, Mute: 0
[2026-07-06 12:50:42.676] [rz] [info] CRzCamyAudioDevice::SetMicMonitorLevel iLevel: 2560 ==> 0x0A00
[2026-07-06 12:50:42.677] [rz] [info] CamyNative::SetDeviceMute Device_Mic - bMuted: 0 result: true
[2026-07-06 12:50:43.177] [rz] [info] CRzCamyAudioDevice::UpdateMixerLevel [Device_HP, Device_Mic] - Level: 100, Mute: 0
[2026-07-06 12:50:43.177] [rz] [info] CRzCamyAudioDevice::SetMicMonitorLevel iLevel: 2560 ==> 0x0A00
[2026-07-06 12:50:43.178] [rz] [info] CamyNative::SetDeviceVolume Device_Mic - uLevel: 95 result: true
[2026-07-06 12:50:43.179] [rz] [info] CRzCamyAudioDevice::UpdateMixerLevel [Device_HP, Device_Mic] - Level: 100, Mute: 0
[2026-07-06 12:50:43.179] [rz] [info] CRzCamyAudioDevice::SetMicMonitorLevel iLevel: 2560 ==> 0x0A00
[2026-07-06 12:50:43.179] [rz] [info] CamyNative::SetDeviceMute Device_Mic - bMuted: 0 result: true
[2026-07-06 12:51:08.601] [rz] [info] CamyNative::SetDeviceVolume Device_HP - uLevel: 100 result: true
[2026-07-06 12:51:08.604] [rz] [info] CamyNative::SetDeviceMute Device_HP - bMuted: 0 result: true
[2026-07-06 12:51:16.448] [rz] [info] CCamyDevice::SetMasterSampleRate =>
[2026-07-06 12:51:16.448] [rz] [info] Releasing Windows Audio Controls...
[2026-07-06 12:51:16.548] [rz] [info] WaitForDeviceChange...
[2026-07-06 12:51:20.783] [rz] [info] Acquiring Windows Audio Controls...
[2026-07-06 12:51:20.784] [rz] [info] CRzCamyAudioDevice::GetEndpoint Microphone is mismatched with: Service (Do not use) (2- Razer Seiren V3 Pro) 
[2026-07-06 12:51:20.784] [rz] [info] CRzCamyAudioDevice::GetEndpoint Microphone found
[2026-07-06 12:51:20.786] [rz] [info] CRzCamyAudioDevice::GetEndpoint Headphones found
[2026-07-06 12:51:20.786] [rz] [info] CRzCamyAudioDevice::AcquireWindowsAudioControls acquire MicVolume and HPVolume successfully
[2026-07-06 12:51:20.786] [rz] [info] CRzCamyAudioDevice::AcquireWindowsAudioControls Done.
[2026-07-06 12:51:20.786] [rz] [info] WaitForDeviceChange: DeviceChange received!
[2026-07-06 12:51:20.786] [rz] [info] CCamyDevice::SetMasterSampleRate =><=
[2026-07-06 12:51:20.786] [rz] [info] CRzCamyAudioDevice::GetMode Current Mode: Basic
[2026-07-06 12:51:20.786] [rz] [info] CamyNative::SetMasterSampleRate uSampleRate: 48000 take: 4338ms result: true
[2026-07-06 12:51:21.295] [rz] [info] CCamyDevice::SetMasterSampleRate =>
[2026-07-06 12:51:21.295] [rz] [info] Releasing Windows Audio Controls...
[2026-07-06 12:51:21.399] [rz] [info] WaitForDeviceChange...
[2026-07-06 12:51:25.673] [rz] [info] Acquiring Windows Audio Controls...
[2026-07-06 12:51:25.674] [rz] [info] CRzCamyAudioDevice::GetEndpoint Microphone found
[2026-07-06 12:51:25.675] [rz] [info] CRzCamyAudioDevice::GetEndpoint Headphones found
[2026-07-06 12:51:25.675] [rz] [info] CRzCamyAudioDevice::AcquireWindowsAudioControls acquire MicVolume and HPVolume successfully
[2026-07-06 12:51:25.675] [rz] [info] CRzCamyAudioDevice::AcquireWindowsAudioControls Done.
[2026-07-06 12:51:25.676] [rz] [info] WaitForDeviceChange: DeviceChange received!
[2026-07-06 12:51:25.676] [rz] [info] CCamyDevice::SetMasterSampleRate =><=
[2026-07-06 12:51:25.676] [rz] [info] CRzCamyAudioDevice::GetMode Current Mode: Basic
[2026-07-06 12:51:25.676] [rz] [info] CamyNative::SetMasterSampleRate uSampleRate: 96000 take: 4380ms result: true
[2026-07-06 12:52:17.100] [rz] [info] CamyNative::DeviceTerminate containerId: {6AAC826E-DACA-5976-A233-9A3F6F75C061} device removed.
[2026-07-06 12:52:17.100] [rz] [info] CCamyDevice::~CCamyDevice =>
[2026-07-06 12:52:17.101] [rz] [info] CCamyDevice::DisconnectDevice Disconnect done
[2026-07-06 12:52:17.101] [rz] [info] CCamyDevice::~CCamyDevice =><=
[2026-07-06 12:52:17.101] [rz] [info] Releasing Windows Audio Controls...
[2026-07-06 12:52:48.720] [rz] [info] TUsbAudio Info:
[2026-07-06 12:52:48.720] [rz] [info] 	 DeviceOutput: 3
[2026-07-06 12:52:48.720] [rz] [info] CRzCamyAudioDevice::AddIODevice Adding : Device_HP, Pin: 5, StartChannel: 0, NumChannel: 2
[2026-07-06 12:52:48.720] [rz] [info] 	 Volume Info - Device_HP: Min: -16384, Max: 0, Step: 1 FU: 3
[2026-07-06 12:52:48.720] [rz] [info] 	 AppRecording: 3
[2026-07-06 12:52:48.720] [rz] [info] CRzCamyAudioDevice::AddIODevice Adding : Microphone, Pin: 4, StartChannel: 0, NumChannel: 1
[2026-07-06 12:52:48.720] [rz] [info] 	 AppRecordingVirtual: 4
[2026-07-06 12:52:48.720] [rz] [info] CRzCamyAudioDevice::AddIODevice Adding : StreamMix, Pin: 6, StartChannel: 0, NumChannel: 2
[2026-07-06 12:52:48.720] [rz] [info] CRzCamyAudioDevice::AddIODevice Adding : PlaybackMix, Pin: 6, StartChannel: 2, NumChannel: 2
[2026-07-06 12:52:48.720] [rz] [info] 	 AppPlayback: 3
[2026-07-06 12:52:48.720] [rz] [info] CRzCamyAudioDevice::AddIODevice Adding : Headphones, Pin: 0, StartChannel: 0, NumChannel: 2
[2026-07-06 12:52:48.720] [rz] [info] 	 DeviceInput: 3
[2026-07-06 12:52:48.720] [rz] [info] CRzCamyAudioDevice::AddIODevice Adding : Device_Mic, Pin: 1, StartChannel: 0, NumChannel: 1
[2026-07-06 12:52:48.720] [rz] [info] 	 Volume Info - Device_Mic: Min: 0, Max: 9216, Step: 1 FU: 7
[2026-07-06 12:52:48.720] [rz] [info] CRzCamyAudioDevice::AddIODevice Adding : Device_MicDry, Pin: 1, StartChannel: 1, NumChannel: 1
[2026-07-06 12:52:48.720] [rz] [info] 	 Volume Info - Device_MicDry: Min: 0, Max: 9216, Step: 1 FU: 7
[2026-07-06 12:52:48.720] [rz] [info] CRzCamyAudioDevice::AddIODevice Adding : Device_MicPostExp, Pin: 1, StartChannel: 2, NumChannel: 1
[2026-07-06 12:52:48.720] [rz] [info] 	 Volume Info - Device_MicPostExp: Min: 0, Max: 9216, Step: 1 FU: 7
[2026-07-06 12:52:48.720] [rz] [info] 	 AppPlaybackVirtual: 18
[2026-07-06 12:52:48.720] [rz] [info] CRzCamyAudioDevice::AddIODevice Adding : System, Pin: 2, StartChannel: 0, NumChannel: 2
[2026-07-06 12:52:48.720] [rz] [info] CRzCamyAudioDevice::AddIODevice Adding : Music, Pin: 2, StartChannel: 2, NumChannel: 2
[2026-07-06 12:52:48.720] [rz] [info] CRzCamyAudioDevice::AddIODevice Adding : Game, Pin: 2, StartChannel: 4, NumChannel: 2
[2026-07-06 12:52:48.720] [rz] [info] CRzCamyAudioDevice::AddIODevice Adding : VoiceChat, Pin: 2, StartChannel: 6, NumChannel: 2
[2026-07-06 12:52:48.720] [rz] [info] CRzCamyAudioDevice::AddIODevice Adding : Browser, Pin: 2, StartChannel: 8, NumChannel: 2
[2026-07-06 12:52:48.720] [rz] [info] CRzCamyAudioDevice::AddIODevice Adding : SoundEffects, Pin: 2, StartChannel: 10, NumChannel: 2
[2026-07-06 12:52:48.720] [rz] [info] CRzCamyAudioDevice::AddIODevice Adding : Aux1, Pin: 2, StartChannel: 12, NumChannel: 2
[2026-07-06 12:52:48.720] [rz] [info] CRzCamyAudioDevice::AddIODevice Adding : Aux2, Pin: 2, StartChannel: 14, NumChannel: 2
[2026-07-06 12:52:48.720] [rz] [info] CRzCamyAudioDevice::AddIODevice Adding : Aux3, Pin: 2, StartChannel: 16, NumChannel: 2
[2026-07-06 12:52:48.720] [rz] [info] CRzCamyAudioDevice::GetMode Current Mode: Basic
[2026-07-06 12:52:48.720] [rz] [info] Acquiring Windows Audio Controls...
[2026-07-06 12:52:48.725] [rz] [error] CRzCamyAudioDevice::GetEndpoint bIsCapture: 1 deviceName: Microphone hr: 0x0 lasterror: 0
[2026-07-06 12:52:48.726] [rz] [error] CRzCamyAudioDevice::GetEndpoint bIsCapture: 1 deviceName: Service hr: 0x0 lasterror: 0
[2026-07-06 12:52:48.727] [rz] [error] CRzCamyAudioDevice::GetEndpoint bIsCapture: 0 deviceName: Headphones hr: 0x0 lasterror: 0
[2026-07-06 12:52:48.727] [rz] [error] CRzCamyAudioDevice::AcquireWindowsAudioControls Failed to Acquire. Retrying... !!!
[2026-07-06 12:52:49.728] [rz] [error] CRzCamyAudioDevice::GetEndpoint bIsCapture: 1 deviceName: Microphone hr: 0x0 lasterror: 0
[2026-07-06 12:52:49.728] [rz] [error] CRzCamyAudioDevice::GetEndpoint bIsCapture: 1 deviceName: Service hr: 0x0 lasterror: 0
[2026-07-06 12:52:49.730] [rz] [error] CRzCamyAudioDevice::GetEndpoint bIsCapture: 0 deviceName: Headphones hr: 0x0 lasterror: 0
[2026-07-06 12:52:49.730] [rz] [error] CRzCamyAudioDevice::AcquireWindowsAudioControls Failed to Acquire. Retrying... !!!
[2026-07-06 12:52:50.731] [rz] [info] CRzCamyAudioDevice::GetEndpoint Microphone found
[2026-07-06 12:52:50.732] [rz] [info] CRzCamyAudioDevice::GetEndpoint Service is mismatched with: Microphone (2- Razer Seiren V3 Pro) 
[2026-07-06 12:52:50.733] [rz] [info] CRzCamyAudioDevice::GetEndpoint Service found
[2026-07-06 12:52:50.734] [rz] [info] CRzCamyAudioDevice::GetEndpoint Headphones found
[2026-07-06 12:52:50.734] [rz] [info] CRzCamyAudioDevice::AcquireWindowsAudioControls acquire MicVolume and HPVolume successfully
[2026-07-06 12:52:50.734] [rz] [info] CRzCamyAudioDevice::AcquireWindowsAudioControls Done.
[2026-07-06 12:52:50.734] [rz] [info] CamyNative::DeviceInitialize containerId: {6AAC826E-DACA-5976-A233-9A3F6F75C061} r: true.
[2026-07-06 12:52:50.738] [rz] [info] CRzCamyAudioDevice::GetMode Current Mode: Basic
[2026-07-06 12:52:50.738] [rz] [info] CamyNative::GetMode containerId: {6AAC826E-DACA-5976-A233-9A3F6F75C061} result: 0
[2026-07-06 12:52:50.739] [rz] [info] CamyNative::SetLevelMeterEnable bEnable: 1 result: true
[2026-07-06 12:52:51.438] [rz] [info] CCamyDevice::SetMasterSampleRate =>
[2026-07-06 12:52:51.438] [rz] [info] CRzCamyAudioDevice::SetMasterSampleRate no need to update sampleRate as 96000 is the same as current one.
[2026-07-06 12:52:51.438] [rz] [info] CCamyDevice::SetMasterSampleRate =><=
[2026-07-06 12:52:51.438] [rz] [info] CRzCamyAudioDevice::GetMode Current Mode: Basic
[2026-07-06 12:52:51.438] [rz] [info] CamyNative::SetMasterSampleRate uSampleRate: 96000 take: 0ms result: true
[2026-07-06 12:52:51.448] [rz] [info] CamyNative::GetDeviceVolume Device_HP - uLevel: 100
[2026-07-06 12:52:51.448] [rz] [info] CamyNative::GetDeviceMute Device_HP - bMuted: false
[2026-07-06 12:52:51.449] [rz] [info] CamyNative::GetDeviceVolume Device_Mic - uLevel: 95
[2026-07-06 12:52:51.449] [rz] [info] CamyNative::GetDeviceMute Device_Mic - bMuted: false
[2026-07-06 12:52:51.524] [rz] [info] CamyNative::GetDeviceVolume Device_HP - uLevel: 100
[2026-07-06 12:52:51.525] [rz] [info] CamyNative::GetDeviceMute Device_HP - bMuted: false
[2026-07-06 12:52:51.526] [rz] [info] CamyNative::GetDeviceVolume Device_Mic - uLevel: 95
[2026-07-06 12:52:51.526] [rz] [info] CamyNative::GetDeviceMute Device_Mic - bMuted: false
[2026-07-06 12:52:52.184] [rz] [info] CCamyDevice::SetMasterSampleRate =>
[2026-07-06 12:52:52.184] [rz] [info] CRzCamyAudioDevice::SetMasterSampleRate no need to update sampleRate as 96000 is the same as current one.
[2026-07-06 12:52:52.184] [rz] [info] CCamyDevice::SetMasterSampleRate =><=
[2026-07-06 12:52:52.185] [rz] [info] CRzCamyAudioDevice::GetMode Current Mode: Basic
[2026-07-06 12:52:52.185] [rz] [info] CamyNative::SetMasterSampleRate uSampleRate: 96000 take: 0ms result: true
[2026-07-06 12:53:20.807] [rz] [info] CamyNative::DeviceTerminate containerId: {6AAC826E-DACA-5976-A233-9A3F6F75C061} device removed.
[2026-07-06 12:53:20.807] [rz] [info] CCamyDevice::~CCamyDevice =>
[2026-07-06 12:53:20.807] [rz] [info] CCamyDevice::DisconnectDevice Disconnect done
[2026-07-06 12:53:20.807] [rz] [info] CCamyDevice::~CCamyDevice =><=
[2026-07-06 12:53:20.807] [rz] [info] Releasing Windows Audio Controls...
[2026-07-06 12:54:05.687] [rz] [info] TUsbAudio Info:
[2026-07-06 12:54:05.687] [rz] [info] 	 DeviceOutput: 3
[2026-07-06 12:54:05.687] [rz] [info] CRzCamyAudioDevice::AddIODevice Adding : Device_HP, Pin: 5, StartChannel: 0, NumChannel: 2
[2026-07-06 12:54:05.687] [rz] [info] 	 Volume Info - Device_HP: Min: -16384, Max: 0, Step: 1 FU: 3
[2026-07-06 12:54:05.687] [rz] [info] 	 AppRecording: 3
[2026-07-06 12:54:05.687] [rz] [info] CRzCamyAudioDevice::AddIODevice Adding : Microphone, Pin: 4, StartChannel: 0, NumChannel: 1
[2026-07-06 12:54:05.687] [rz] [info] 	 AppRecordingVirtual: 4
[2026-07-06 12:54:05.687] [rz] [info] CRzCamyAudioDevice::AddIODevice Adding : StreamMix, Pin: 6, StartChannel: 0, NumChannel: 2
[2026-07-06 12:54:05.687] [rz] [info] CRzCamyAudioDevice::AddIODevice Adding : PlaybackMix, Pin: 6, StartChannel: 2, NumChannel: 2
[2026-07-06 12:54:05.687] [rz] [info] 	 AppPlayback: 3
[2026-07-06 12:54:05.687] [rz] [info] CRzCamyAudioDevice::AddIODevice Adding : Headphones, Pin: 0, StartChannel: 0, NumChannel: 2
[2026-07-06 12:54:05.687] [rz] [info] 	 DeviceInput: 3
[2026-07-06 12:54:05.687] [rz] [info] CRzCamyAudioDevice::AddIODevice Adding : Device_Mic, Pin: 1, StartChannel: 0, NumChannel: 1
[2026-07-06 12:54:05.687] [rz] [info] 	 Volume Info - Device_Mic: Min: 0, Max: 9216, Step: 1 FU: 7
[2026-07-06 12:54:05.687] [rz] [info] CRzCamyAudioDevice::AddIODevice Adding : Device_MicDry, Pin: 1, StartChannel: 1, NumChannel: 1
[2026-07-06 12:54:05.687] [rz] [info] 	 Volume Info - Device_MicDry: Min: 0, Max: 9216, Step: 1 FU: 7
[2026-07-06 12:54:05.687] [rz] [info] CRzCamyAudioDevice::AddIODevice Adding : Device_MicPostExp, Pin: 1, StartChannel: 2, NumChannel: 1
[2026-07-06 12:54:05.687] [rz] [info] 	 Volume Info - Device_MicPostExp: Min: 0, Max: 9216, Step: 1 FU: 7
[2026-07-06 12:54:05.687] [rz] [info] 	 AppPlaybackVirtual: 18
[2026-07-06 12:54:05.687] [rz] [info] CRzCamyAudioDevice::AddIODevice Adding : System, Pin: 2, StartChannel: 0, NumChannel: 2
[2026-07-06 12:54:05.687] [rz] [info] CRzCamyAudioDevice::AddIODevice Adding : Music, Pin: 2, StartChannel: 2, NumChannel: 2
[2026-07-06 12:54:05.687] [rz] [info] CRzCamyAudioDevice::AddIODevice Adding : Game, Pin: 2, StartChannel: 4, NumChannel: 2
[2026-07-06 12:54:05.687] [rz] [info] CRzCamyAudioDevice::AddIODevice Adding : VoiceChat, Pin: 2, StartChannel: 6, NumChannel: 2
[2026-07-06 12:54:05.687] [rz] [info] CRzCamyAudioDevice::AddIODevice Adding : Browser, Pin: 2, StartChannel: 8, NumChannel: 2
[2026-07-06 12:54:05.687] [rz] [info] CRzCamyAudioDevice::AddIODevice Adding : SoundEffects, Pin: 2, StartChannel: 10, NumChannel: 2
[2026-07-06 12:54:05.687] [rz] [info] CRzCamyAudioDevice::AddIODevice Adding : Aux1, Pin: 2, StartChannel: 12, NumChannel: 2
[2026-07-06 12:54:05.687] [rz] [info] CRzCamyAudioDevice::AddIODevice Adding : Aux2, Pin: 2, StartChannel: 14, NumChannel: 2
[2026-07-06 12:54:05.687] [rz] [info] CRzCamyAudioDevice::AddIODevice Adding : Aux3, Pin: 2, StartChannel: 16, NumChannel: 2
[2026-07-06 12:54:05.687] [rz] [info] CRzCamyAudioDevice::GetMode Current Mode: Basic
[2026-07-06 12:54:05.687] [rz] [info] Acquiring Windows Audio Controls...
[2026-07-06 12:54:05.687] [rz] [error] CRzCamyAudioDevice::GetEndpoint bIsCapture: 1 deviceName: Microphone hr: 0x0 lasterror: 0
[2026-07-06 12:54:05.688] [rz] [error] CRzCamyAudioDevice::GetEndpoint bIsCapture: 1 deviceName: Service hr: 0x0 lasterror: 0
[2026-07-06 12:54:05.689] [rz] [error] CRzCamyAudioDevice::GetEndpoint bIsCapture: 0 deviceName: Headphones hr: 0x0 lasterror: 0
[2026-07-06 12:54:05.689] [rz] [error] CRzCamyAudioDevice::AcquireWindowsAudioControls Failed to Acquire. Retrying... !!!
[2026-07-06 12:54:06.690] [rz] [error] CRzCamyAudioDevice::GetEndpoint bIsCapture: 1 deviceName: Microphone hr: 0x0 lasterror: 0
[2026-07-06 12:54:06.691] [rz] [error] CRzCamyAudioDevice::GetEndpoint bIsCapture: 1 deviceName: Service hr: 0x0 lasterror: 0
[2026-07-06 12:54:06.692] [rz] [error] CRzCamyAudioDevice::GetEndpoint bIsCapture: 0 deviceName: Headphones hr: 0x0 lasterror: 0
[2026-07-06 12:54:06.692] [rz] [error] CRzCamyAudioDevice::AcquireWindowsAudioControls Failed to Acquire. Retrying... !!!
[2026-07-06 12:54:07.693] [rz] [error] CRzCamyAudioDevice::GetEndpoint bIsCapture: 1 deviceName: Microphone hr: 0x0 lasterror: 0
[2026-07-06 12:54:07.694] [rz] [error] CRzCamyAudioDevice::GetEndpoint bIsCapture: 1 deviceName: Service hr: 0x0 lasterror: 0
[2026-07-06 12:54:07.695] [rz] [error] CRzCamyAudioDevice::GetEndpoint bIsCapture: 0 deviceName: Headphones hr: 0x0 lasterror: 0
[2026-07-06 12:54:07.695] [rz] [error] CRzCamyAudioDevice::AcquireWindowsAudioControls Failed to Acquire. Retrying... !!!
[2026-07-06 12:54:08.697] [rz] [info] CRzCamyAudioDevice::GetEndpoint Microphone found
[2026-07-06 12:54:08.698] [rz] [info] CRzCamyAudioDevice::GetEndpoint Service is mismatched with: Microphone (2- Razer Seiren V3 Pro) 
[2026-07-06 12:54:08.699] [rz] [info] CRzCamyAudioDevice::GetEndpoint Service found
[2026-07-06 12:54:08.700] [rz] [info] CRzCamyAudioDevice::GetEndpoint Headphones found
[2026-07-06 12:54:08.700] [rz] [info] CRzCamyAudioDevice::AcquireWindowsAudioControls acquire MicVolume and HPVolume successfully
[2026-07-06 12:54:08.700] [rz] [info] CRzCamyAudioDevice::AcquireWindowsAudioControls Done.
[2026-07-06 12:54:08.700] [rz] [info] CamyNative::DeviceInitialize containerId: {6AAC826E-DACA-5976-A233-9A3F6F75C061} r: true.
[2026-07-06 12:54:08.705] [rz] [info] CRzCamyAudioDevice::GetMode Current Mode: Basic
[2026-07-06 12:54:08.705] [rz] [info] CamyNative::GetMode containerId: {6AAC826E-DACA-5976-A233-9A3F6F75C061} result: 0
[2026-07-06 12:54:08.707] [rz] [info] CamyNative::SetLevelMeterEnable bEnable: 1 result: true
[2026-07-06 12:54:09.384] [rz] [info] CCamyDevice::SetMasterSampleRate =>
[2026-07-06 12:54:09.384] [rz] [info] CRzCamyAudioDevice::SetMasterSampleRate no need to update sampleRate as 96000 is the same as current one.
[2026-07-06 12:54:09.384] [rz] [info] CCamyDevice::SetMasterSampleRate =><=
[2026-07-06 12:54:09.384] [rz] [info] CRzCamyAudioDevice::GetMode Current Mode: Basic
[2026-07-06 12:54:09.384] [rz] [info] CamyNative::SetMasterSampleRate uSampleRate: 96000 take: 0ms result: true
[2026-07-06 12:54:09.393] [rz] [info] CamyNative::GetDeviceVolume Device_HP - uLevel: 100
[2026-07-06 12:54:09.394] [rz] [info] CamyNative::GetDeviceMute Device_HP - bMuted: false
[2026-07-06 12:54:09.394] [rz] [info] CamyNative::GetDeviceVolume Device_Mic - uLevel: 95
[2026-07-06 12:54:09.395] [rz] [info] CamyNative::GetDeviceMute Device_Mic - bMuted: false
[2026-07-06 12:54:09.463] [rz] [info] CamyNative::GetDeviceVolume Device_HP - uLevel: 100
[2026-07-06 12:54:09.464] [rz] [info] CamyNative::GetDeviceMute Device_HP - bMuted: false
[2026-07-06 12:54:09.464] [rz] [info] CamyNative::GetDeviceVolume Device_Mic - uLevel: 95
[2026-07-06 12:54:09.465] [rz] [info] CamyNative::GetDeviceMute Device_Mic - bMuted: false
[2026-07-06 12:54:10.122] [rz] [info] CCamyDevice::SetMasterSampleRate =>
[2026-07-06 12:54:10.122] [rz] [info] CRzCamyAudioDevice::SetMasterSampleRate no need to update sampleRate as 96000 is the same as current one.
[2026-07-06 12:54:10.122] [rz] [info] CCamyDevice::SetMasterSampleRate =><=
[2026-07-06 12:54:10.122] [rz] [info] CRzCamyAudioDevice::GetMode Current Mode: Basic
[2026-07-06 12:54:10.122] [rz] [info] CamyNative::SetMasterSampleRate uSampleRate: 96000 take: 0ms result: true
[2026-07-06 12:54:35.141] [rz] [info] CRzCamyAudioDevice::UpdateMixerLevel [Device_HP, Device_Mic] - Level: 100, Mute: 0
[2026-07-06 12:54:35.141] [rz] [info] CRzCamyAudioDevice::SetMicMonitorLevel iLevel: 2560 ==> 0x0A00
[2026-07-06 12:54:35.142] [rz] [info] deviceCamyChanged : {"containerId":"{6AAC826E-DACA-5976-A233-9A3F6F75C061}","deviceId":262145,"event":"deviceCamyChanged","eventType":"deviceVolume","level":100,"mute":0}
[2026-07-06 12:54:49.168] [rz] [info] CRzCamyAudioDevice::UpdateMixerLevel [Device_HP, Device_Mic] - Level: 100, Mute: 0
[2026-07-06 12:54:49.168] [rz] [info] CRzCamyAudioDevice::SetMicMonitorLevel iLevel: 2560 ==> 0x0A00
[2026-07-06 12:54:49.169] [rz] [info] deviceCamyChanged : {"containerId":"{6AAC826E-DACA-5976-A233-9A3F6F75C061}","deviceId":262145,"event":"deviceCamyChanged","eventType":"deviceMute","level":100,"mute":1}
[2026-07-06 12:54:49.843] [rz] [info] CRzCamyAudioDevice::UpdateMixerLevel [Device_HP, Device_Mic] - Level: 100, Mute: 0
[2026-07-06 12:54:49.843] [rz] [info] CRzCamyAudioDevice::SetMicMonitorLevel iLevel: 2560 ==> 0x0A00
[2026-07-06 12:54:49.844] [rz] [info] deviceCamyChanged : {"containerId":"{6AAC826E-DACA-5976-A233-9A3F6F75C061}","deviceId":262145,"event":"deviceCamyChanged","eventType":"deviceMute","level":100,"mute":0}
[2026-07-06 12:55:10.520] [rz] [info] CamyNative::SetLevelMeterEnable bEnable: 1 result: true
[2026-07-06 12:55:58.215] [rz] [info] CamyNative::DeviceTerminate containerId: {6AAC826E-DACA-5976-A233-9A3F6F75C061} device removed.
[2026-07-06 12:55:58.215] [rz] [info] CCamyDevice::~CCamyDevice =>
[2026-07-06 12:55:58.216] [rz] [info] CCamyDevice::DisconnectDevice Disconnect done
[2026-07-06 12:55:58.216] [rz] [info] CCamyDevice::~CCamyDevice =><=
[2026-07-06 12:55:58.216] [rz] [info] Releasing Windows Audio Controls...
[2026-07-06 12:57:06.964] [rz] [info] TUsbAudio Info:
[2026-07-06 12:57:06.964] [rz] [info] 	 DeviceOutput: 3
[2026-07-06 12:57:06.964] [rz] [info] CRzCamyAudioDevice::AddIODevice Adding : Device_HP, Pin: 5, StartChannel: 0, NumChannel: 2
[2026-07-06 12:57:06.964] [rz] [info] 	 Volume Info - Device_HP: Min: -16384, Max: 0, Step: 1 FU: 3
[2026-07-06 12:57:06.964] [rz] [info] 	 AppRecording: 3
[2026-07-06 12:57:06.964] [rz] [info] CRzCamyAudioDevice::AddIODevice Adding : Microphone, Pin: 4, StartChannel: 0, NumChannel: 1
[2026-07-06 12:57:06.964] [rz] [info] 	 AppRecordingVirtual: 4
[2026-07-06 12:57:06.964] [rz] [info] CRzCamyAudioDevice::AddIODevice Adding : StreamMix, Pin: 6, StartChannel: 0, NumChannel: 2
[2026-07-06 12:57:06.964] [rz] [info] CRzCamyAudioDevice::AddIODevice Adding : PlaybackMix, Pin: 6, StartChannel: 2, NumChannel: 2
[2026-07-06 12:57:06.964] [rz] [info] 	 AppPlayback: 3
[2026-07-06 12:57:06.964] [rz] [info] CRzCamyAudioDevice::AddIODevice Adding : Headphones, Pin: 0, StartChannel: 0, NumChannel: 2
[2026-07-06 12:57:06.964] [rz] [info] 	 DeviceInput: 3
[2026-07-06 12:57:06.964] [rz] [info] CRzCamyAudioDevice::AddIODevice Adding : Device_Mic, Pin: 1, StartChannel: 0, NumChannel: 1
[2026-07-06 12:57:06.964] [rz] [info] 	 Volume Info - Device_Mic: Min: 0, Max: 9216, Step: 1 FU: 7
[2026-07-06 12:57:06.964] [rz] [info] CRzCamyAudioDevice::AddIODevice Adding : Device_MicDry, Pin: 1, StartChannel: 1, NumChannel: 1
[2026-07-06 12:57:06.964] [rz] [info] 	 Volume Info - Device_MicDry: Min: 0, Max: 9216, Step: 1 FU: 7
[2026-07-06 12:57:06.964] [rz] [info] CRzCamyAudioDevice::AddIODevice Adding : Device_MicPostExp, Pin: 1, StartChannel: 2, NumChannel: 1
[2026-07-06 12:57:06.964] [rz] [info] 	 Volume Info - Device_MicPostExp: Min: 0, Max: 9216, Step: 1 FU: 7
[2026-07-06 12:57:06.964] [rz] [info] 	 AppPlaybackVirtual: 18
[2026-07-06 12:57:06.964] [rz] [info] CRzCamyAudioDevice::AddIODevice Adding : System, Pin: 2, StartChannel: 0, NumChannel: 2
[2026-07-06 12:57:06.964] [rz] [info] CRzCamyAudioDevice::AddIODevice Adding : Music, Pin: 2, StartChannel: 2, NumChannel: 2
[2026-07-06 12:57:06.964] [rz] [info] CRzCamyAudioDevice::AddIODevice Adding : Game, Pin: 2, StartChannel: 4, NumChannel: 2
[2026-07-06 12:57:06.964] [rz] [info] CRzCamyAudioDevice::AddIODevice Adding : VoiceChat, Pin: 2, StartChannel: 6, NumChannel: 2
[2026-07-06 12:57:06.964] [rz] [info] CRzCamyAudioDevice::AddIODevice Adding : Browser, Pin: 2, StartChannel: 8, NumChannel: 2
[2026-07-06 12:57:06.964] [rz] [info] CRzCamyAudioDevice::AddIODevice Adding : SoundEffects, Pin: 2, StartChannel: 10, NumChannel: 2
[2026-07-06 12:57:06.964] [rz] [info] CRzCamyAudioDevice::AddIODevice Adding : Aux1, Pin: 2, StartChannel: 12, NumChannel: 2
[2026-07-06 12:57:06.964] [rz] [info] CRzCamyAudioDevice::AddIODevice Adding : Aux2, Pin: 2, StartChannel: 14, NumChannel: 2
[2026-07-06 12:57:06.964] [rz] [info] CRzCamyAudioDevice::AddIODevice Adding : Aux3, Pin: 2, StartChannel: 16, NumChannel: 2
[2026-07-06 12:57:06.964] [rz] [info] CRzCamyAudioDevice::GetMode Current Mode: Basic
[2026-07-06 12:57:06.964] [rz] [info] Acquiring Windows Audio Controls...
[2026-07-06 12:57:06.964] [rz] [error] CRzCamyAudioDevice::GetEndpoint bIsCapture: 1 deviceName: Microphone hr: 0x0 lasterror: 0
[2026-07-06 12:57:06.965] [rz] [error] CRzCamyAudioDevice::GetEndpoint bIsCapture: 1 deviceName: Service hr: 0x0 lasterror: 0
[2026-07-06 12:57:06.966] [rz] [error] CRzCamyAudioDevice::GetEndpoint bIsCapture: 0 deviceName: Headphones hr: 0x0 lasterror: 0
[2026-07-06 12:57:06.966] [rz] [error] CRzCamyAudioDevice::AcquireWindowsAudioControls Failed to Acquire. Retrying... !!!
[2026-07-06 12:57:07.967] [rz] [error] CRzCamyAudioDevice::GetEndpoint bIsCapture: 1 deviceName: Microphone hr: 0x0 lasterror: 0
[2026-07-06 12:57:07.968] [rz] [error] CRzCamyAudioDevice::GetEndpoint bIsCapture: 1 deviceName: Service hr: 0x0 lasterror: 0
[2026-07-06 12:57:07.970] [rz] [error] CRzCamyAudioDevice::GetEndpoint bIsCapture: 0 deviceName: Headphones hr: 0x0 lasterror: 0
[2026-07-06 12:57:07.970] [rz] [error] CRzCamyAudioDevice::AcquireWindowsAudioControls Failed to Acquire. Retrying... !!!
[2026-07-06 12:57:08.972] [rz] [info] CRzCamyAudioDevice::GetEndpoint Microphone found
[2026-07-06 12:57:08.973] [rz] [info] CRzCamyAudioDevice::GetEndpoint Service is mismatched with: Microphone (2- Razer Seiren V3 Pro) 
[2026-07-06 12:57:08.974] [rz] [info] CRzCamyAudioDevice::GetEndpoint Service found
[2026-07-06 12:57:08.975] [rz] [info] CRzCamyAudioDevice::GetEndpoint Headphones found
[2026-07-06 12:57:08.975] [rz] [info] CRzCamyAudioDevice::AcquireWindowsAudioControls acquire MicVolume and HPVolume successfully
[2026-07-06 12:57:08.975] [rz] [info] CRzCamyAudioDevice::AcquireWindowsAudioControls Done.
[2026-07-06 12:57:08.975] [rz] [info] CamyNative::DeviceInitialize containerId: {6AAC826E-DACA-5976-A233-9A3F6F75C061} r: true.
[2026-07-06 12:57:08.980] [rz] [info] CRzCamyAudioDevice::GetMode Current Mode: Basic
[2026-07-06 12:57:08.980] [rz] [info] CamyNative::GetMode containerId: {6AAC826E-DACA-5976-A233-9A3F6F75C061} result: 0
[2026-07-06 12:57:08.981] [rz] [info] CamyNative::SetLevelMeterEnable bEnable: 1 result: true
[2026-07-06 12:57:09.960] [rz] [info] CCamyDevice::SetMasterSampleRate =>
[2026-07-06 12:57:09.960] [rz] [info] CRzCamyAudioDevice::SetMasterSampleRate no need to update sampleRate as 96000 is the same as current one.
[2026-07-06 12:57:09.960] [rz] [info] CCamyDevice::SetMasterSampleRate =><=
[2026-07-06 12:57:09.960] [rz] [info] CRzCamyAudioDevice::GetMode Current Mode: Basic
[2026-07-06 12:57:09.960] [rz] [info] CamyNative::SetMasterSampleRate uSampleRate: 96000 take: 0ms result: true
[2026-07-06 12:57:09.983] [rz] [info] CamyNative::GetDeviceVolume Device_HP - uLevel: 100
[2026-07-06 12:57:09.985] [rz] [info] CamyNative::GetDeviceMute Device_HP - bMuted: false
[2026-07-06 12:57:09.986] [rz] [info] CamyNative::GetDeviceVolume Device_Mic - uLevel: 100
[2026-07-06 12:57:09.986] [rz] [info] CamyNative::GetDeviceMute Device_Mic - bMuted: false
[2026-07-06 12:57:10.056] [rz] [info] CamyNative::GetDeviceVolume Device_HP - uLevel: 100
[2026-07-06 12:57:10.057] [rz] [info] CamyNative::GetDeviceMute Device_HP - bMuted: false
[2026-07-06 12:57:10.058] [rz] [info] CamyNative::GetDeviceVolume Device_Mic - uLevel: 100
[2026-07-06 12:57:10.058] [rz] [info] CamyNative::GetDeviceMute Device_Mic - bMuted: false
[2026-07-06 12:57:10.949] [rz] [info] CCamyDevice::SetMasterSampleRate =>
[2026-07-06 12:57:10.949] [rz] [info] CRzCamyAudioDevice::SetMasterSampleRate no need to update sampleRate as 96000 is the same as current one.
[2026-07-06 12:57:10.949] [rz] [info] CCamyDevice::SetMasterSampleRate =><=
[2026-07-06 12:57:10.949] [rz] [info] CRzCamyAudioDevice::GetMode Current Mode: Basic
[2026-07-06 12:57:10.949] [rz] [info] CamyNative::SetMasterSampleRate uSampleRate: 96000 take: 0ms result: true
[2026-07-06 12:57:14.341] [rz] [info] CamyNative::SetLevelMeterEnable bEnable: 1 result: true
[2026-07-06 12:59:04.295] [rz] [info] CCamyDevice::SetMasterSampleRate =>
[2026-07-06 12:59:04.295] [rz] [info] Releasing Windows Audio Controls...
[2026-07-06 12:59:04.397] [rz] [info] WaitForDeviceChange...
[2026-07-06 12:59:08.686] [rz] [info] Acquiring Windows Audio Controls...
[2026-07-06 12:59:08.686] [rz] [info] CRzCamyAudioDevice::GetEndpoint Microphone is mismatched with: Service (Do not use) (2- Razer Seiren V3 Pro) 
[2026-07-06 12:59:08.687] [rz] [info] CRzCamyAudioDevice::GetEndpoint Microphone found
[2026-07-06 12:59:08.688] [rz] [info] CRzCamyAudioDevice::GetEndpoint Headphones found
[2026-07-06 12:59:08.688] [rz] [info] CRzCamyAudioDevice::AcquireWindowsAudioControls acquire MicVolume and HPVolume successfully
[2026-07-06 12:59:08.688] [rz] [info] CRzCamyAudioDevice::AcquireWindowsAudioControls Done.
[2026-07-06 12:59:08.688] [rz] [info] WaitForDeviceChange: DeviceChange received!
[2026-07-06 12:59:08.688] [rz] [info] CCamyDevice::SetMasterSampleRate =><=
[2026-07-06 12:59:08.688] [rz] [info] CRzCamyAudioDevice::GetMode Current Mode: Basic
[2026-07-06 12:59:08.688] [rz] [info] CamyNative::SetMasterSampleRate uSampleRate: 48000 take: 4393ms result: true
[2026-07-06 12:59:10.624] [rz] [info] CRzCamyAudioDevice::UpdateMixerLevel [Device_HP, Device_Mic] - Level: 100, Mute: 0
[2026-07-06 12:59:10.624] [rz] [info] CRzCamyAudioDevice::SetMicMonitorLevel iLevel: 2560 ==> 0x0A00
[2026-07-06 12:59:10.625] [rz] [info] CamyNative::SetDeviceVolume Device_Mic - uLevel: 18 result: true
[2026-07-06 12:59:10.629] [rz] [info] CRzCamyAudioDevice::UpdateMixerLevel [Device_HP, Device_Mic] - Level: 100, Mute: 0
[2026-07-06 12:59:10.629] [rz] [info] CRzCamyAudioDevice::SetMicMonitorLevel iLevel: 2560 ==> 0x0A00
[2026-07-06 12:59:10.630] [rz] [info] CamyNative::SetDeviceMute Device_Mic - bMuted: 0 result: true
[2026-07-06 12:59:12.567] [rz] [info] CRzCamyAudioDevice::UpdateMixerLevel [Device_HP, Device_Mic] - Level: 100, Mute: 0
[2026-07-06 12:59:12.567] [rz] [info] CRzCamyAudioDevice::SetMicMonitorLevel iLevel: 2560 ==> 0x0A00
[2026-07-06 12:59:12.568] [rz] [info] CamyNative::SetDeviceVolume Device_Mic - uLevel: 100 result: true
[2026-07-06 12:59:12.570] [rz] [info] CRzCamyAudioDevice::UpdateMixerLevel [Device_HP, Device_Mic] - Level: 100, Mute: 0
[2026-07-06 12:59:12.570] [rz] [info] CRzCamyAudioDevice::SetMicMonitorLevel iLevel: 2560 ==> 0x0A00
[2026-07-06 12:59:12.571] [rz] [info] CamyNative::SetDeviceMute Device_Mic - bMuted: 0 result: true
[2026-07-06 12:59:22.821] [rz] [info] CamyNative::DeviceTerminate containerId: {6AAC826E-DACA-5976-A233-9A3F6F75C061} device removed.
[2026-07-06 12:59:22.821] [rz] [info] CCamyDevice::~CCamyDevice =>
[2026-07-06 12:59:22.822] [rz] [info] CCamyDevice::DisconnectDevice Disconnect done
[2026-07-06 12:59:22.822] [rz] [info] CCamyDevice::~CCamyDevice =><=
[2026-07-06 12:59:22.822] [rz] [info] Releasing Windows Audio Controls...
[2026-07-06 13:10:55.753] [rz] [info] TUsbAudio Info:
[2026-07-06 13:10:55.753] [rz] [info] 	 DeviceOutput: 3
[2026-07-06 13:10:55.753] [rz] [info] CRzCamyAudioDevice::AddIODevice Adding : Device_HP, Pin: 5, StartChannel: 0, NumChannel: 2
[2026-07-06 13:10:55.753] [rz] [info] 	 Volume Info - Device_HP: Min: -16384, Max: 0, Step: 1 FU: 3
[2026-07-06 13:10:55.753] [rz] [info] 	 AppRecording: 3
[2026-07-06 13:10:55.753] [rz] [info] CRzCamyAudioDevice::AddIODevice Adding : Microphone, Pin: 4, StartChannel: 0, NumChannel: 1
[2026-07-06 13:10:55.753] [rz] [info] 	 AppRecordingVirtual: 4
[2026-07-06 13:10:55.753] [rz] [info] CRzCamyAudioDevice::AddIODevice Adding : StreamMix, Pin: 6, StartChannel: 0, NumChannel: 2
[2026-07-06 13:10:55.753] [rz] [info] CRzCamyAudioDevice::AddIODevice Adding : PlaybackMix, Pin: 6, StartChannel: 2, NumChannel: 2
[2026-07-06 13:10:55.753] [rz] [info] 	 AppPlayback: 3
[2026-07-06 13:10:55.753] [rz] [info] CRzCamyAudioDevice::AddIODevice Adding : Headphones, Pin: 0, StartChannel: 0, NumChannel: 2
[2026-07-06 13:10:55.753] [rz] [info] 	 DeviceInput: 3
[2026-07-06 13:10:55.753] [rz] [info] CRzCamyAudioDevice::AddIODevice Adding : Device_Mic, Pin: 1, StartChannel: 0, NumChannel: 1
[2026-07-06 13:10:55.753] [rz] [info] 	 Volume Info - Device_Mic: Min: 0, Max: 9216, Step: 1 FU: 7
[2026-07-06 13:10:55.753] [rz] [info] CRzCamyAudioDevice::AddIODevice Adding : Device_MicDry, Pin: 1, StartChannel: 1, NumChannel: 1
[2026-07-06 13:10:55.753] [rz] [info] 	 Volume Info - Device_MicDry: Min: 0, Max: 9216, Step: 1 FU: 7
[2026-07-06 13:10:55.753] [rz] [info] CRzCamyAudioDevice::AddIODevice Adding : Device_MicPostExp, Pin: 1, StartChannel: 2, NumChannel: 1
[2026-07-06 13:10:55.753] [rz] [info] 	 Volume Info - Device_MicPostExp: Min: 0, Max: 9216, Step: 1 FU: 7
[2026-07-06 13:10:55.753] [rz] [info] 	 AppPlaybackVirtual: 18
[2026-07-06 13:10:55.753] [rz] [info] CRzCamyAudioDevice::AddIODevice Adding : System, Pin: 2, StartChannel: 0, NumChannel: 2
[2026-07-06 13:10:55.753] [rz] [info] CRzCamyAudioDevice::AddIODevice Adding : Music, Pin: 2, StartChannel: 2, NumChannel: 2
[2026-07-06 13:10:55.753] [rz] [info] CRzCamyAudioDevice::AddIODevice Adding : Game, Pin: 2, StartChannel: 4, NumChannel: 2
[2026-07-06 13:10:55.753] [rz] [info] CRzCamyAudioDevice::AddIODevice Adding : VoiceChat, Pin: 2, StartChannel: 6, NumChannel: 2
[2026-07-06 13:10:55.753] [rz] [info] CRzCamyAudioDevice::AddIODevice Adding : Browser, Pin: 2, StartChannel: 8, NumChannel: 2
[2026-07-06 13:10:55.753] [rz] [info] CRzCamyAudioDevice::AddIODevice Adding : SoundEffects, Pin: 2, StartChannel: 10, NumChannel: 2
[2026-07-06 13:10:55.753] [rz] [info] CRzCamyAudioDevice::AddIODevice Adding : Aux1, Pin: 2, StartChannel: 12, NumChannel: 2
[2026-07-06 13:10:55.753] [rz] [info] CRzCamyAudioDevice::AddIODevice Adding : Aux2, Pin: 2, StartChannel: 14, NumChannel: 2
[2026-07-06 13:10:55.753] [rz] [info] CRzCamyAudioDevice::AddIODevice Adding : Aux3, Pin: 2, StartChannel: 16, NumChannel: 2
[2026-07-06 13:10:55.753] [rz] [info] CRzCamyAudioDevice::GetMode Current Mode: Basic
[2026-07-06 13:10:55.753] [rz] [info] Acquiring Windows Audio Controls...
[2026-07-06 13:10:55.754] [rz] [error] CRzCamyAudioDevice::GetEndpoint bIsCapture: 1 deviceName: Microphone hr: 0x0 lasterror: 0
[2026-07-06 13:10:55.754] [rz] [error] CRzCamyAudioDevice::GetEndpoint bIsCapture: 1 deviceName: Service hr: 0x0 lasterror: 0
[2026-07-06 13:10:55.755] [rz] [error] CRzCamyAudioDevice::GetEndpoint bIsCapture: 0 deviceName: Headphones hr: 0x0 lasterror: 0
[2026-07-06 13:10:55.755] [rz] [error] CRzCamyAudioDevice::AcquireWindowsAudioControls Failed to Acquire. Retrying... !!!
[2026-07-06 13:10:56.758] [rz] [error] CRzCamyAudioDevice::GetEndpoint bIsCapture: 1 deviceName: Microphone hr: 0x0 lasterror: 0
[2026-07-06 13:10:56.758] [rz] [error] CRzCamyAudioDevice::GetEndpoint bIsCapture: 1 deviceName: Service hr: 0x0 lasterror: 0
[2026-07-06 13:10:56.759] [rz] [error] CRzCamyAudioDevice::GetEndpoint bIsCapture: 0 deviceName: Headphones hr: 0x0 lasterror: 0
[2026-07-06 13:10:56.759] [rz] [error] CRzCamyAudioDevice::AcquireWindowsAudioControls Failed to Acquire. Retrying... !!!
[2026-07-06 13:10:57.761] [rz] [info] CRzCamyAudioDevice::GetEndpoint Microphone is mismatched with: Service (Do not use) (2- Razer Seiren V3 Pro) 
[2026-07-06 13:10:57.761] [rz] [info] CRzCamyAudioDevice::GetEndpoint Microphone found
[2026-07-06 13:10:57.762] [rz] [info] CRzCamyAudioDevice::GetEndpoint Service found
[2026-07-06 13:10:57.763] [rz] [info] CRzCamyAudioDevice::GetEndpoint Headphones found
[2026-07-06 13:10:57.763] [rz] [info] CRzCamyAudioDevice::AcquireWindowsAudioControls acquire MicVolume and HPVolume successfully
[2026-07-06 13:10:57.763] [rz] [info] CRzCamyAudioDevice::AcquireWindowsAudioControls Done.
[2026-07-06 13:10:57.764] [rz] [info] CamyNative::DeviceInitialize containerId: {6AAC826E-DACA-5976-A233-9A3F6F75C061} r: true.
[2026-07-06 13:10:57.767] [rz] [info] CRzCamyAudioDevice::GetMode Current Mode: Basic
[2026-07-06 13:10:57.767] [rz] [info] CamyNative::GetMode containerId: {6AAC826E-DACA-5976-A233-9A3F6F75C061} result: 0
[2026-07-06 13:10:57.768] [rz] [info] CamyNative::SetLevelMeterEnable bEnable: 1 result: true
[2026-07-06 13:10:58.353] [rz] [info] CRzCamyAudioDevice::UpdateMixerLevel [Device_HP, Device_Mic] - Level: 100, Mute: 0
[2026-07-06 13:10:58.353] [rz] [info] CRzCamyAudioDevice::SetMicMonitorLevel iLevel: 2560 ==> 0x0A00
[2026-07-06 13:10:58.354] [rz] [info] deviceCamyChanged : {"containerId":"{6AAC826E-DACA-5976-A233-9A3F6F75C061}","deviceId":262145,"event":"deviceCamyChanged","eventType":"deviceVolume","level":72,"mute":0}
[2026-07-06 13:10:59.205] [rz] [info] CCamyDevice::SetMasterSampleRate =>
[2026-07-06 13:10:59.205] [rz] [info] CRzCamyAudioDevice::SetMasterSampleRate no need to update sampleRate as 48000 is the same as current one.
[2026-07-06 13:10:59.205] [rz] [info] CCamyDevice::SetMasterSampleRate =><=
[2026-07-06 13:10:59.205] [rz] [info] CRzCamyAudioDevice::GetMode Current Mode: Basic
[2026-07-06 13:10:59.205] [rz] [info] CamyNative::SetMasterSampleRate uSampleRate: 48000 take: 0ms result: true
[2026-07-06 13:10:59.217] [rz] [info] CamyNative::GetDeviceVolume Device_HP - uLevel: 100
[2026-07-06 13:10:59.217] [rz] [info] CamyNative::GetDeviceMute Device_HP - bMuted: false
[2026-07-06 13:10:59.218] [rz] [info] CamyNative::GetDeviceVolume Device_Mic - uLevel: 72
[2026-07-06 13:10:59.219] [rz] [info] CamyNative::GetDeviceMute Device_Mic - bMuted: false
[2026-07-06 13:10:59.656] [rz] [info] CamyNative::GetDeviceVolume Device_HP - uLevel: 100
[2026-07-06 13:10:59.657] [rz] [info] CamyNative::GetDeviceMute Device_HP - bMuted: false
[2026-07-06 13:10:59.658] [rz] [info] CamyNative::GetDeviceVolume Device_Mic - uLevel: 72
[2026-07-06 13:10:59.659] [rz] [info] CamyNative::GetDeviceMute Device_Mic - bMuted: false
[2026-07-06 13:11:00.323] [rz] [info] CCamyDevice::SetMasterSampleRate =>
[2026-07-06 13:11:00.323] [rz] [info] CRzCamyAudioDevice::SetMasterSampleRate no need to update sampleRate as 48000 is the same as current one.
[2026-07-06 13:11:00.324] [rz] [info] CCamyDevice::SetMasterSampleRate =><=
[2026-07-06 13:11:00.324] [rz] [info] CRzCamyAudioDevice::GetMode Current Mode: Basic
[2026-07-06 13:11:00.324] [rz] [info] CamyNative::SetMasterSampleRate uSampleRate: 48000 take: 0ms result: true
[2026-07-06 13:11:01.993] [rz] [info] CRzCamyAudioDevice::UpdateMixerLevel [Device_HP, Device_Mic] - Level: 100, Mute: 0
[2026-07-06 13:11:01.993] [rz] [info] CRzCamyAudioDevice::SetMicMonitorLevel iLevel: 2560 ==> 0x0A00
[2026-07-06 13:11:01.994] [rz] [info] deviceCamyChanged : {"containerId":"{6AAC826E-DACA-5976-A233-9A3F6F75C061}","deviceId":262145,"event":"deviceCamyChanged","eventType":"deviceVolume","level":97,"mute":0}
[2026-07-06 13:11:02.334] [rz] [info] CRzCamyAudioDevice::UpdateMixerLevel [Device_HP, Device_Mic] - Level: 100, Mute: 0
[2026-07-06 13:11:02.335] [rz] [info] CRzCamyAudioDevice::SetMicMonitorLevel iLevel: 2560 ==> 0x0A00
[2026-07-06 13:11:02.336] [rz] [info] deviceCamyChanged : {"containerId":"{6AAC826E-DACA-5976-A233-9A3F6F75C061}","deviceId":262145,"event":"deviceCamyChanged","eventType":"deviceVolume","level":100,"mute":0}
[2026-07-06 13:11:07.003] [rz] [info] CRzCamyAudioDevice::UpdateMixerLevel [Device_HP, Device_Mic] - Level: 100, Mute: 0
[2026-07-06 13:11:07.003] [rz] [info] CRzCamyAudioDevice::SetMicMonitorLevel iLevel: 2560 ==> 0x0A00
[2026-07-06 13:11:07.004] [rz] [info] CamyNative::SetDeviceVolume Device_Mic - uLevel: 100 result: true
[2026-07-06 13:11:07.004] [rz] [info] CRzCamyAudioDevice::UpdateMixerLevel [Device_HP, Device_Mic] - Level: 100, Mute: 0
[2026-07-06 13:11:07.005] [rz] [info] CRzCamyAudioDevice::SetMicMonitorLevel iLevel: 2560 ==> 0x0A00
[2026-07-06 13:11:07.005] [rz] [info] CamyNative::SetDeviceMute Device_Mic - bMuted: 0 result: true
[2026-07-06 13:11:18.208] [rz] [info] CRzCamyAudioDevice::UpdateMixerLevel [Device_HP, Device_Mic] - Level: 100, Mute: 0
[2026-07-06 13:11:18.209] [rz] [info] CRzCamyAudioDevice::SetMicMonitorLevel iLevel: 2560 ==> 0x0A00
[2026-07-06 13:11:18.209] [rz] [info] CamyNative::SetDeviceVolume Device_Mic - uLevel: 92 result: true
[2026-07-06 13:11:18.210] [rz] [info] CRzCamyAudioDevice::UpdateMixerLevel [Device_HP, Device_Mic] - Level: 100, Mute: 0
[2026-07-06 13:11:18.210] [rz] [info] CRzCamyAudioDevice::SetMicMonitorLevel iLevel: 2560 ==> 0x0A00
[2026-07-06 13:11:18.210] [rz] [info] CamyNative::SetDeviceMute Device_Mic - bMuted: 0 result: true
[2026-07-06 13:11:46.410] [rz] [info] CRzCamyAudioDevice::UpdateMixerLevel [Device_HP, Device_Mic] - Level: 100, Mute: 0
[2026-07-06 13:11:46.410] [rz] [info] CRzCamyAudioDevice::SetMicMonitorLevel iLevel: 2560 ==> 0x0A00
[2026-07-06 13:11:46.410] [rz] [info] CamyNative::SetDeviceVolume Device_Mic - uLevel: 92 result: true
[2026-07-06 13:11:46.412] [rz] [info] CRzCamyAudioDevice::UpdateMixerLevel [Device_HP, Device_Mic] - Level: 100, Mute: 0
[2026-07-06 13:11:46.412] [rz] [info] CRzCamyAudioDevice::SetMicMonitorLevel iLevel: 2560 ==> 0x0A00
[2026-07-06 13:11:46.412] [rz] [info] CamyNative::SetDeviceMute Device_Mic - bMuted: 0 result: true
[2026-07-06 13:11:59.842] [rz] [info] CamyNative::DeviceTerminate containerId: {6AAC826E-DACA-5976-A233-9A3F6F75C061} device removed.
[2026-07-06 13:11:59.842] [rz] [info] CCamyDevice::~CCamyDevice =>
[2026-07-06 13:11:59.843] [rz] [info] CCamyDevice::DisconnectDevice Disconnect done
[2026-07-06 13:11:59.843] [rz] [info] CCamyDevice::~CCamyDevice =><=
[2026-07-06 13:11:59.843] [rz] [info] Releasing Windows Audio Controls...
[2026-07-06 13:12:00.485] [rz] [info] => DLL_PROCESS_DETACH =>
[2026-07-06 13:12:00.485] [rz] [info] CCamyDevicesManager::~CCamyDevicesManager =>
[2026-07-06 13:12:00.485] [rz] [info] CCamyDevicesManager::~CCamyDevicesManager =><=
[2026-07-06 13:12:00.485] [rz] [info] CThreadExecutor::~CThreadExecutor =>
[2026-07-06 13:12:00.485] [rz] [info] CThreadExecutor::~CThreadExecutor =><=
[2026-07-06 13:12:00.485] [rz] [info] => DLL_PROCESS_DETACH =><=
[2026-07-06 16:11:13.170] [rz] [info] => DLL_PROCESS_ATTACH
[2026-07-06 16:11:13.170] [rz] [info] DLL version: 1.0.12.0
[2026-07-06 16:11:13.170] [rz] [info] CThreadExecutor::RunThread =>
[2026-07-06 16:11:13.178] [rz] [info] TUsbAudio Info:
[2026-07-06 16:11:13.178] [rz] [info] 	 DeviceOutput: 3
[2026-07-06 16:11:13.178] [rz] [info] CRzCamyAudioDevice::AddIODevice Adding : Device_HP, Pin: 5, StartChannel: 0, NumChannel: 2
[2026-07-06 16:11:13.178] [rz] [info] 	 Volume Info - Device_HP: Min: -16384, Max: 0, Step: 1 FU: 3
[2026-07-06 16:11:13.178] [rz] [info] 	 AppRecording: 3
[2026-07-06 16:11:13.178] [rz] [info] CRzCamyAudioDevice::AddIODevice Adding : Microphone, Pin: 4, StartChannel: 0, NumChannel: 1
[2026-07-06 16:11:13.178] [rz] [info] 	 AppRecordingVirtual: 4
[2026-07-06 16:11:13.178] [rz] [info] CRzCamyAudioDevice::AddIODevice Adding : StreamMix, Pin: 6, StartChannel: 0, NumChannel: 2
[2026-07-06 16:11:13.178] [rz] [info] CRzCamyAudioDevice::AddIODevice Adding : PlaybackMix, Pin: 6, StartChannel: 2, NumChannel: 2
[2026-07-06 16:11:13.178] [rz] [info] 	 AppPlayback: 3
[2026-07-06 16:11:13.178] [rz] [info] CRzCamyAudioDevice::AddIODevice Adding : Headphones, Pin: 0, StartChannel: 0, NumChannel: 2
[2026-07-06 16:11:13.178] [rz] [info] 	 DeviceInput: 3
[2026-07-06 16:11:13.178] [rz] [info] CRzCamyAudioDevice::AddIODevice Adding : Device_Mic, Pin: 1, StartChannel: 0, NumChannel: 1
[2026-07-06 16:11:13.178] [rz] [info] 	 Volume Info - Device_Mic: Min: 0, Max: 9216, Step: 1 FU: 7
[2026-07-06 16:11:13.178] [rz] [info] CRzCamyAudioDevice::AddIODevice Adding : Device_MicDry, Pin: 1, StartChannel: 1, NumChannel: 1
[2026-07-06 16:11:13.178] [rz] [info] 	 Volume Info - Device_MicDry: Min: 0, Max: 9216, Step: 1 FU: 7
[2026-07-06 16:11:13.178] [rz] [info] CRzCamyAudioDevice::AddIODevice Adding : Device_MicPostExp, Pin: 1, StartChannel: 2, NumChannel: 1
[2026-07-06 16:11:13.178] [rz] [info] 	 Volume Info - Device_MicPostExp: Min: 0, Max: 9216, Step: 1 FU: 7
[2026-07-06 16:11:13.178] [rz] [info] 	 AppPlaybackVirtual: 18
[2026-07-06 16:11:13.178] [rz] [info] CRzCamyAudioDevice::AddIODevice Adding : System, Pin: 2, StartChannel: 0, NumChannel: 2
[2026-07-06 16:11:13.178] [rz] [info] CRzCamyAudioDevice::AddIODevice Adding : Music, Pin: 2, StartChannel: 2, NumChannel: 2
[2026-07-06 16:11:13.178] [rz] [info] CRzCamyAudioDevice::AddIODevice Adding : Game, Pin: 2, StartChannel: 4, NumChannel: 2
[2026-07-06 16:11:13.178] [rz] [info] CRzCamyAudioDevice::AddIODevice Adding : VoiceChat, Pin: 2, StartChannel: 6, NumChannel: 2
[2026-07-06 16:11:13.178] [rz] [info] CRzCamyAudioDevice::AddIODevice Adding : Browser, Pin: 2, StartChannel: 8, NumChannel: 2
[2026-07-06 16:11:13.178] [rz] [info] CRzCamyAudioDevice::AddIODevice Adding : SoundEffects, Pin: 2, StartChannel: 10, NumChannel: 2
[2026-07-06 16:11:13.178] [rz] [info] CRzCamyAudioDevice::AddIODevice Adding : Aux1, Pin: 2, StartChannel: 12, NumChannel: 2
[2026-07-06 16:11:13.178] [rz] [info] CRzCamyAudioDevice::AddIODevice Adding : Aux2, Pin: 2, StartChannel: 14, NumChannel: 2
[2026-07-06 16:11:13.179] [rz] [info] CRzCamyAudioDevice::AddIODevice Adding : Aux3, Pin: 2, StartChannel: 16, NumChannel: 2
[2026-07-06 16:11:13.179] [rz] [info] CRzCamyAudioDevice::GetMode Current Mode: Basic
[2026-07-06 16:11:13.179] [rz] [info] Acquiring Windows Audio Controls...
[2026-07-06 16:11:13.180] [rz] [info] CRzCamyAudioDevice::GetEndpoint Microphone is mismatched with: Service (Do not use) (2- Razer Seiren V3 Pro) 
[2026-07-06 16:11:13.181] [rz] [info] CRzCamyAudioDevice::GetEndpoint Microphone found
[2026-07-06 16:11:13.183] [rz] [info] CRzCamyAudioDevice::GetEndpoint Service found
[2026-07-06 16:11:13.185] [rz] [info] CRzCamyAudioDevice::GetEndpoint Headphones found
[2026-07-06 16:11:13.186] [rz] [info] CRzCamyAudioDevice::AcquireWindowsAudioControls acquire MicVolume and HPVolume successfully
[2026-07-06 16:11:13.186] [rz] [info] CRzCamyAudioDevice::AcquireWindowsAudioControls Done.
[2026-07-06 16:11:13.186] [rz] [info] CamyNative::DeviceInitialize containerId: {6AAC826E-DACA-5976-A233-9A3F6F75C061} r: true.
[2026-07-06 16:11:13.204] [rz] [info] CRzCamyAudioDevice::GetMode Current Mode: Basic
[2026-07-06 16:11:13.204] [rz] [info] CamyNative::GetMode containerId: {6AAC826E-DACA-5976-A233-9A3F6F75C061} result: 0
[2026-07-06 16:11:13.206] [rz] [info] CamyNative::SetLevelMeterEnable bEnable: 1 result: true
[2026-07-06 16:11:13.899] [rz] [info] CCamyDevice::SetMasterSampleRate =>
[2026-07-06 16:11:13.899] [rz] [info] CRzCamyAudioDevice::SetMasterSampleRate no need to update sampleRate as 48000 is the same as current one.
[2026-07-06 16:11:13.899] [rz] [info] CCamyDevice::SetMasterSampleRate =><=
[2026-07-06 16:11:13.900] [rz] [info] CRzCamyAudioDevice::GetMode Current Mode: Basic
[2026-07-06 16:11:13.900] [rz] [info] CamyNative::SetMasterSampleRate uSampleRate: 48000 take: 0ms result: true
[2026-07-06 16:11:13.912] [rz] [info] CamyNative::GetDeviceVolume Device_HP - uLevel: 100
[2026-07-06 16:11:13.913] [rz] [info] CamyNative::GetDeviceMute Device_HP - bMuted: false
[2026-07-06 16:11:13.914] [rz] [info] CamyNative::GetDeviceVolume Device_Mic - uLevel: 92
[2026-07-06 16:11:13.915] [rz] [info] CamyNative::GetDeviceMute Device_Mic - bMuted: false
[2026-07-06 16:11:13.982] [rz] [info] CamyNative::GetDeviceVolume Device_HP - uLevel: 100
[2026-07-06 16:11:13.984] [rz] [info] CamyNative::GetDeviceMute Device_HP - bMuted: false
[2026-07-06 16:11:13.985] [rz] [info] CamyNative::GetDeviceVolume Device_Mic - uLevel: 92
[2026-07-06 16:11:13.986] [rz] [info] CamyNative::GetDeviceMute Device_Mic - bMuted: false
[2026-07-06 16:11:14.629] [rz] [info] CCamyDevice::SetMasterSampleRate =>
[2026-07-06 16:11:14.629] [rz] [info] CRzCamyAudioDevice::SetMasterSampleRate no need to update sampleRate as 48000 is the same as current one.
[2026-07-06 16:11:14.629] [rz] [info] CCamyDevice::SetMasterSampleRate =><=
[2026-07-06 16:11:14.629] [rz] [info] CRzCamyAudioDevice::GetMode Current Mode: Basic
[2026-07-06 16:11:14.629] [rz] [info] CamyNative::SetMasterSampleRate uSampleRate: 48000 take: 0ms result: true
[2026-07-06 16:18:35.380] [rz] [info] CRzCamyAudioDevice::UpdateDeviceChange skip as Windows Audio Controls are null
[2026-07-06 16:32:55.661] [rz] [info] CRzCamyAudioDevice::UpdateDeviceChange skip as Windows Audio Controls are null
[2026-07-06 16:39:38.953] [rz] [info] CRzCamyAudioDevice::UpdateDeviceChange skip as Windows Audio Controls are null
[2026-07-06 16:43:31.166] [rz] [info] CRzCamyAudioDevice::UpdateDeviceChange skip as Windows Audio Controls are null
[2026-07-06 16:55:01.689] [rz] [info] CRzCamyAudioDevice::UpdateDeviceChange skip as Windows Audio Controls are null
[2026-07-06 16:55:11.441] [rz] [info] CRzCamyAudioDevice::UpdateDeviceChange skip as Windows Audio Controls are null
[2026-07-06 17:02:16.210] [rz] [info] CRzCamyAudioDevice::UpdateDeviceChange skip as Windows Audio Controls are null
[2026-07-06 17:25:40.048] [rz] [info] CRzCamyAudioDevice::UpdateDeviceChange skip as Windows Audio Controls are null
[2026-07-06 17:25:40.451] [rz] [info] CamyNative::DeviceTerminate containerId: {6AAC826E-DACA-5976-A233-9A3F6F75C061} device removed.
[2026-07-06 17:25:40.453] [rz] [info] CCamyDevice::~CCamyDevice =>
[2026-07-06 17:25:40.454] [rz] [info] CCamyDevice::DisconnectDevice Disconnect done
[2026-07-06 17:25:40.454] [rz] [info] CCamyDevice::~CCamyDevice =><=
[2026-07-06 17:25:40.454] [rz] [info] Releasing Windows Audio Controls...
[2026-07-06 19:06:56.867] [rz] [info] TUsbAudio Info:
[2026-07-06 19:06:56.867] [rz] [info] 	 DeviceOutput: 3
[2026-07-06 19:06:56.867] [rz] [info] CRzCamyAudioDevice::AddIODevice Adding : Device_HP, Pin: 5, StartChannel: 0, NumChannel: 2
[2026-07-06 19:06:56.867] [rz] [info] 	 Volume Info - Device_HP: Min: -16384, Max: 0, Step: 1 FU: 3
[2026-07-06 19:06:56.867] [rz] [info] 	 AppRecording: 3
[2026-07-06 19:06:56.867] [rz] [info] CRzCamyAudioDevice::AddIODevice Adding : Microphone, Pin: 4, StartChannel: 0, NumChannel: 1
[2026-07-06 19:06:56.867] [rz] [info] 	 AppRecordingVirtual: 4
[2026-07-06 19:06:56.867] [rz] [info] CRzCamyAudioDevice::AddIODevice Adding : StreamMix, Pin: 6, StartChannel: 0, NumChannel: 2
[2026-07-06 19:06:56.867] [rz] [info] CRzCamyAudioDevice::AddIODevice Adding : PlaybackMix, Pin: 6, StartChannel: 2, NumChannel: 2
[2026-07-06 19:06:56.867] [rz] [info] 	 AppPlayback: 3
[2026-07-06 19:06:56.867] [rz] [info] CRzCamyAudioDevice::AddIODevice Adding : Headphones, Pin: 0, StartChannel: 0, NumChannel: 2
[2026-07-06 19:06:56.867] [rz] [info] 	 DeviceInput: 3
[2026-07-06 19:06:56.867] [rz] [info] CRzCamyAudioDevice::AddIODevice Adding : Device_Mic, Pin: 1, StartChannel: 0, NumChannel: 1
[2026-07-06 19:06:56.867] [rz] [info] 	 Volume Info - Device_Mic: Min: 0, Max: 9216, Step: 1 FU: 7
[2026-07-06 19:06:56.867] [rz] [info] CRzCamyAudioDevice::AddIODevice Adding : Device_MicDry, Pin: 1, StartChannel: 1, NumChannel: 1
[2026-07-06 19:06:56.867] [rz] [info] 	 Volume Info - Device_MicDry: Min: 0, Max: 9216, Step: 1 FU: 7
[2026-07-06 19:06:56.867] [rz] [info] CRzCamyAudioDevice::AddIODevice Adding : Device_MicPostExp, Pin: 1, StartChannel: 2, NumChannel: 1
[2026-07-06 19:06:56.867] [rz] [info] 	 Volume Info - Device_MicPostExp: Min: 0, Max: 9216, Step: 1 FU: 7
[2026-07-06 19:06:56.867] [rz] [info] 	 AppPlaybackVirtual: 18
[2026-07-06 19:06:56.867] [rz] [info] CRzCamyAudioDevice::AddIODevice Adding : System, Pin: 2, StartChannel: 0, NumChannel: 2
[2026-07-06 19:06:56.867] [rz] [info] CRzCamyAudioDevice::AddIODevice Adding : Music, Pin: 2, StartChannel: 2, NumChannel: 2
[2026-07-06 19:06:56.867] [rz] [info] CRzCamyAudioDevice::AddIODevice Adding : Game, Pin: 2, StartChannel: 4, NumChannel: 2
[2026-07-06 19:06:56.867] [rz] [info] CRzCamyAudioDevice::AddIODevice Adding : VoiceChat, Pin: 2, StartChannel: 6, NumChannel: 2
[2026-07-06 19:06:56.867] [rz] [info] CRzCamyAudioDevice::AddIODevice Adding : Browser, Pin: 2, StartChannel: 8, NumChannel: 2
[2026-07-06 19:06:56.867] [rz] [info] CRzCamyAudioDevice::AddIODevice Adding : SoundEffects, Pin: 2, StartChannel: 10, NumChannel: 2
[2026-07-06 19:06:56.867] [rz] [info] CRzCamyAudioDevice::AddIODevice Adding : Aux1, Pin: 2, StartChannel: 12, NumChannel: 2
[2026-07-06 19:06:56.867] [rz] [info] CRzCamyAudioDevice::AddIODevice Adding : Aux2, Pin: 2, StartChannel: 14, NumChannel: 2
[2026-07-06 19:06:56.867] [rz] [info] CRzCamyAudioDevice::AddIODevice Adding : Aux3, Pin: 2, StartChannel: 16, NumChannel: 2
[2026-07-06 19:06:56.867] [rz] [info] CRzCamyAudioDevice::GetMode Current Mode: Basic
[2026-07-06 19:06:56.868] [rz] [info] Acquiring Windows Audio Controls...
[2026-07-06 19:06:56.871] [rz] [info] CRzCamyAudioDevice::GetEndpoint Microphone is mismatched with: Service (Do not use) (2- Razer Seiren V3 Pro) 
[2026-07-06 19:06:56.872] [rz] [info] CRzCamyAudioDevice::GetEndpoint Microphone found
[2026-07-06 19:06:56.877] [rz] [info] CRzCamyAudioDevice::GetEndpoint Service found
[2026-07-06 19:06:56.881] [rz] [info] CRzCamyAudioDevice::GetEndpoint Headphones found
[2026-07-06 19:06:56.882] [rz] [info] CRzCamyAudioDevice::AcquireWindowsAudioControls acquire MicVolume and HPVolume successfully
[2026-07-06 19:06:56.883] [rz] [info] CRzCamyAudioDevice::AcquireWindowsAudioControls Done.
[2026-07-06 19:06:56.883] [rz] [info] CamyNative::DeviceInitialize containerId: {6AAC826E-DACA-5976-A233-9A3F6F75C061} r: true.
[2026-07-06 19:06:56.886] [rz] [info] CRzCamyAudioDevice::GetMode Current Mode: Basic
[2026-07-06 19:06:56.886] [rz] [info] CamyNative::GetMode containerId: {6AAC826E-DACA-5976-A233-9A3F6F75C061} result: 0
[2026-07-06 19:06:56.887] [rz] [info] CamyNative::SetLevelMeterEnable bEnable: 1 result: true
[2026-07-06 19:06:57.607] [rz] [info] CCamyDevice::SetMasterSampleRate =>
[2026-07-06 19:06:57.607] [rz] [info] CRzCamyAudioDevice::SetMasterSampleRate no need to update sampleRate as 48000 is the same as current one.
[2026-07-06 19:06:57.607] [rz] [info] CCamyDevice::SetMasterSampleRate =><=
[2026-07-06 19:06:57.607] [rz] [info] CRzCamyAudioDevice::GetMode Current Mode: Basic
[2026-07-06 19:06:57.607] [rz] [info] CamyNative::SetMasterSampleRate uSampleRate: 48000 take: 0ms result: true
[2026-07-06 19:06:57.616] [rz] [info] CamyNative::GetDeviceVolume Device_HP - uLevel: 100
[2026-07-06 19:06:57.616] [rz] [info] CamyNative::GetDeviceMute Device_HP - bMuted: false
[2026-07-06 19:06:57.617] [rz] [info] CamyNative::GetDeviceVolume Device_Mic - uLevel: 92
[2026-07-06 19:06:57.618] [rz] [info] CamyNative::GetDeviceMute Device_Mic - bMuted: false
[2026-07-06 19:06:57.684] [rz] [info] CamyNative::GetDeviceVolume Device_HP - uLevel: 100
[2026-07-06 19:06:57.685] [rz] [info] CamyNative::GetDeviceMute Device_HP - bMuted: false
[2026-07-06 19:06:57.685] [rz] [info] CamyNative::GetDeviceVolume Device_Mic - uLevel: 92
[2026-07-06 19:06:57.686] [rz] [info] CamyNative::GetDeviceMute Device_Mic - bMuted: false
[2026-07-06 19:06:58.297] [rz] [info] CCamyDevice::SetMasterSampleRate =>
[2026-07-06 19:06:58.297] [rz] [info] CRzCamyAudioDevice::SetMasterSampleRate no need to update sampleRate as 48000 is the same as current one.
[2026-07-06 19:06:58.297] [rz] [info] CCamyDevice::SetMasterSampleRate =><=
[2026-07-06 19:06:58.297] [rz] [info] CRzCamyAudioDevice::GetMode Current Mode: Basic
[2026-07-06 19:06:58.297] [rz] [info] CamyNative::SetMasterSampleRate uSampleRate: 48000 take: 0ms result: true
[2026-07-06 19:11:36.669] [rz] [info] CRzCamyAudioDevice::UpdateDeviceChange skip as Windows Audio Controls are null
[2026-07-06 19:13:39.312] [rz] [info] CRzCamyAudioDevice::UpdateDeviceChange skip as Windows Audio Controls are null
[2026-07-06 19:18:58.837] [rz] [info] CRzCamyAudioDevice::UpdateDeviceChange skip as Windows Audio Controls are null
[2026-07-06 19:32:19.741] [rz] [info] CRzCamyAudioDevice::UpdateDeviceChange skip as Windows Audio Controls are null
[2026-07-06 19:57:16.373] [rz] [info] CRzCamyAudioDevice::UpdateDeviceChange skip as Windows Audio Controls are null
[2026-07-06 20:09:27.329] [rz] [info] CRzCamyAudioDevice::UpdateDeviceChange skip as Windows Audio Controls are null
[2026-07-06 20:09:29.879] [rz] [info] CamyNative::DeviceTerminate containerId: {6AAC826E-DACA-5976-A233-9A3F6F75C061} device removed.
[2026-07-06 20:09:29.881] [rz] [info] CCamyDevice::~CCamyDevice =>
[2026-07-06 20:09:29.882] [rz] [info] CCamyDevice::DisconnectDevice Disconnect done
[2026-07-06 20:09:29.882] [rz] [info] CCamyDevice::~CCamyDevice =><=
[2026-07-06 20:09:29.882] [rz] [info] Releasing Windows Audio Controls...
[2026-07-06 20:09:30.517] [rz] [info] => DLL_PROCESS_DETACH =>
[2026-07-06 20:09:30.517] [rz] [info] CCamyDevicesManager::~CCamyDevicesManager =>
[2026-07-06 20:09:30.517] [rz] [info] CCamyDevicesManager::~CCamyDevicesManager =><=
[2026-07-06 20:09:30.517] [rz] [info] CThreadExecutor::~CThreadExecutor =>
[2026-07-06 20:09:30.517] [rz] [info] CThreadExecutor::~CThreadExecutor =><=
[2026-07-06 20:09:30.517] [rz] [info] => DLL_PROCESS_DETACH =><=
[2026-07-06 22:18:10.535] [rz] [info] => DLL_PROCESS_ATTACH
[2026-07-06 22:18:10.535] [rz] [info] DLL version: 1.0.12.0
[2026-07-06 22:18:10.535] [rz] [info] CThreadExecutor::RunThread =>
[2026-07-06 22:18:10.544] [rz] [info] TUsbAudio Info:
[2026-07-06 22:18:10.544] [rz] [info] 	 DeviceOutput: 3
[2026-07-06 22:18:10.544] [rz] [info] CRzCamyAudioDevice::AddIODevice Adding : Device_HP, Pin: 5, StartChannel: 0, NumChannel: 2
[2026-07-06 22:18:10.544] [rz] [info] 	 Volume Info - Device_HP: Min: -16384, Max: 0, Step: 1 FU: 3
[2026-07-06 22:18:10.544] [rz] [info] 	 AppRecording: 3
[2026-07-06 22:18:10.544] [rz] [info] CRzCamyAudioDevice::AddIODevice Adding : Microphone, Pin: 4, StartChannel: 0, NumChannel: 1
[2026-07-06 22:18:10.544] [rz] [info] 	 AppRecordingVirtual: 4
[2026-07-06 22:18:10.544] [rz] [info] CRzCamyAudioDevice::AddIODevice Adding : StreamMix, Pin: 6, StartChannel: 0, NumChannel: 2
[2026-07-06 22:18:10.544] [rz] [info] CRzCamyAudioDevice::AddIODevice Adding : PlaybackMix, Pin: 6, StartChannel: 2, NumChannel: 2
[2026-07-06 22:18:10.544] [rz] [info] 	 AppPlayback: 3
[2026-07-06 22:18:10.544] [rz] [info] CRzCamyAudioDevice::AddIODevice Adding : Headphones, Pin: 0, StartChannel: 0, NumChannel: 2
[2026-07-06 22:18:10.545] [rz] [info] 	 DeviceInput: 3
[2026-07-06 22:18:10.545] [rz] [info] CRzCamyAudioDevice::AddIODevice Adding : Device_Mic, Pin: 1, StartChannel: 0, NumChannel: 1
[2026-07-06 22:18:10.545] [rz] [info] 	 Volume Info - Device_Mic: Min: 0, Max: 9216, Step: 1 FU: 7
[2026-07-06 22:18:10.545] [rz] [info] CRzCamyAudioDevice::AddIODevice Adding : Device_MicDry, Pin: 1, StartChannel: 1, NumChannel: 1
[2026-07-06 22:18:10.545] [rz] [info] 	 Volume Info - Device_MicDry: Min: 0, Max: 9216, Step: 1 FU: 7
[2026-07-06 22:18:10.545] [rz] [info] CRzCamyAudioDevice::AddIODevice Adding : Device_MicPostExp, Pin: 1, StartChannel: 2, NumChannel: 1
[2026-07-06 22:18:10.545] [rz] [info] 	 Volume Info - Device_MicPostExp: Min: 0, Max: 9216, Step: 1 FU: 7
[2026-07-06 22:18:10.545] [rz] [info] 	 AppPlaybackVirtual: 18
[2026-07-06 22:18:10.545] [rz] [info] CRzCamyAudioDevice::AddIODevice Adding : System, Pin: 2, StartChannel: 0, NumChannel: 2
[2026-07-06 22:18:10.545] [rz] [info] CRzCamyAudioDevice::AddIODevice Adding : Music, Pin: 2, StartChannel: 2, NumChannel: 2
[2026-07-06 22:18:10.545] [rz] [info] CRzCamyAudioDevice::AddIODevice Adding : Game, Pin: 2, StartChannel: 4, NumChannel: 2
[2026-07-06 22:18:10.545] [rz] [info] CRzCamyAudioDevice::AddIODevice Adding : VoiceChat, Pin: 2, StartChannel: 6, NumChannel: 2
[2026-07-06 22:18:10.545] [rz] [info] CRzCamyAudioDevice::AddIODevice Adding : Browser, Pin: 2, StartChannel: 8, NumChannel: 2
[2026-07-06 22:18:10.545] [rz] [info] CRzCamyAudioDevice::AddIODevice Adding : SoundEffects, Pin: 2, StartChannel: 10, NumChannel: 2
[2026-07-06 22:18:10.545] [rz] [info] CRzCamyAudioDevice::AddIODevice Adding : Aux1, Pin: 2, StartChannel: 12, NumChannel: 2
[2026-07-06 22:18:10.545] [rz] [info] CRzCamyAudioDevice::AddIODevice Adding : Aux2, Pin: 2, StartChannel: 14, NumChannel: 2
[2026-07-06 22:18:10.545] [rz] [info] CRzCamyAudioDevice::AddIODevice Adding : Aux3, Pin: 2, StartChannel: 16, NumChannel: 2
[2026-07-06 22:18:10.545] [rz] [info] CRzCamyAudioDevice::GetMode Current Mode: Basic
[2026-07-06 22:18:10.545] [rz] [info] Acquiring Windows Audio Controls...
[2026-07-06 22:18:10.547] [rz] [info] CRzCamyAudioDevice::GetEndpoint Microphone is mismatched with: Service (Do not use) (2- Razer Seiren V3 Pro) 
[2026-07-06 22:18:10.547] [rz] [info] CRzCamyAudioDevice::GetEndpoint Microphone found
[2026-07-06 22:18:10.549] [rz] [info] CRzCamyAudioDevice::GetEndpoint Service found
[2026-07-06 22:18:10.552] [rz] [info] CRzCamyAudioDevice::GetEndpoint Headphones found
[2026-07-06 22:18:10.552] [rz] [info] CRzCamyAudioDevice::AcquireWindowsAudioControls acquire MicVolume and HPVolume successfully
[2026-07-06 22:18:10.553] [rz] [info] CRzCamyAudioDevice::AcquireWindowsAudioControls Done.
[2026-07-06 22:18:10.553] [rz] [info] CamyNative::DeviceInitialize containerId: {6AAC826E-DACA-5976-A233-9A3F6F75C061} r: true.
[2026-07-06 22:18:10.605] [rz] [info] CRzCamyAudioDevice::GetMode Current Mode: Basic
[2026-07-06 22:18:10.605] [rz] [info] CamyNative::GetMode containerId: {6AAC826E-DACA-5976-A233-9A3F6F75C061} result: 0
[2026-07-06 22:18:10.606] [rz] [info] CamyNative::SetLevelMeterEnable bEnable: 1 result: true
[2026-07-06 22:18:11.357] [rz] [info] CCamyDevice::SetMasterSampleRate =>
[2026-07-06 22:18:11.357] [rz] [info] CRzCamyAudioDevice::SetMasterSampleRate no need to update sampleRate as 48000 is the same as current one.
[2026-07-06 22:18:11.357] [rz] [info] CCamyDevice::SetMasterSampleRate =><=
[2026-07-06 22:18:11.358] [rz] [info] CRzCamyAudioDevice::GetMode Current Mode: Basic
[2026-07-06 22:18:11.358] [rz] [info] CamyNative::SetMasterSampleRate uSampleRate: 48000 take: 0ms result: true
[2026-07-06 22:18:11.368] [rz] [info] CamyNative::GetDeviceVolume Device_HP - uLevel: 100
[2026-07-06 22:18:11.369] [rz] [info] CamyNative::GetDeviceMute Device_HP - bMuted: false
[2026-07-06 22:18:11.369] [rz] [info] CamyNative::GetDeviceVolume Device_Mic - uLevel: 92
[2026-07-06 22:18:11.370] [rz] [info] CamyNative::GetDeviceMute Device_Mic - bMuted: false
[2026-07-06 22:18:11.431] [rz] [info] CamyNative::GetDeviceVolume Device_HP - uLevel: 100
[2026-07-06 22:18:11.432] [rz] [info] CamyNative::GetDeviceMute Device_HP - bMuted: false
[2026-07-06 22:18:11.432] [rz] [info] CamyNative::GetDeviceVolume Device_Mic - uLevel: 92
[2026-07-06 22:18:11.433] [rz] [info] CamyNative::GetDeviceMute Device_Mic - bMuted: false
[2026-07-06 22:18:12.060] [rz] [info] CCamyDevice::SetMasterSampleRate =>
[2026-07-06 22:18:12.060] [rz] [info] CRzCamyAudioDevice::SetMasterSampleRate no need to update sampleRate as 48000 is the same as current one.
[2026-07-06 22:18:12.060] [rz] [info] CCamyDevice::SetMasterSampleRate =><=
[2026-07-06 22:18:12.060] [rz] [info] CRzCamyAudioDevice::GetMode Current Mode: Basic
[2026-07-06 22:18:12.061] [rz] [info] CamyNative::SetMasterSampleRate uSampleRate: 48000 take: 0ms result: true
[2026-07-06 22:18:59.755] [rz] [info] CamyNative::GetDeviceVolume Device_HP - uLevel: 100
[2026-07-06 22:18:59.756] [rz] [info] CamyNative::GetDeviceMute Device_HP - bMuted: false
[2026-07-06 22:18:59.757] [rz] [info] CamyNative::GetDeviceVolume Device_Mic - uLevel: 92
[2026-07-06 22:18:59.758] [rz] [info] CamyNative::GetDeviceMute Device_Mic - bMuted: false
[2026-07-06 22:19:00.331] [rz] [info] CamyNative::SetLevelMeterEnable bEnable: 1 result: true
[2026-07-06 22:19:02.220] [rz] [info] CamyNative::SetLevelMeterEnable bEnable: 0 result: true
[2026-07-06 22:19:14.299] [rz] [info] CamyNative::SetLevelMeterEnable bEnable: 1 result: true
[2026-07-06 22:19:14.811] [rz] [info] CamyNative::SetLevelMeterEnable bEnable: 0 result: true
[2026-07-06 22:19:15.722] [rz] [info] CamyNative::SetLevelMeterEnable bEnable: 1 result: true
[2026-07-06 22:19:19.808] [rz] [info] CamyNative::SetLevelMeterEnable bEnable: 0 result: true
[2026-07-06 22:21:03.210] [rz] [info] CamyNative::SetLevelMeterEnable bEnable: 1 result: true
[2026-07-06 22:21:04.447] [rz] [info] CamyNative::SetLevelMeterEnable bEnable: 0 result: true
[2026-07-06 22:21:47.633] [rz] [info] CamyNative::SetLevelMeterEnable bEnable: 1 result: true
[2026-07-06 22:21:48.888] [rz] [info] CamyNative::SetLevelMeterEnable bEnable: 0 result: true
[2026-07-06 22:24:42.508] [rz] [info] CamyNative::GetDeviceVolume Device_HP - uLevel: 100
[2026-07-06 22:24:42.509] [rz] [info] CamyNative::GetDeviceMute Device_HP - bMuted: false
[2026-07-06 22:24:42.510] [rz] [info] CamyNative::GetDeviceVolume Device_Mic - uLevel: 92
[2026-07-06 22:24:42.513] [rz] [info] CamyNative::GetDeviceMute Device_Mic - bMuted: false
[2026-07-06 22:24:42.571] [rz] [info] CamyNative::SetLevelMeterEnable bEnable: 1 result: true
[2026-07-06 22:25:00.101] [rz] [info] CRzCamyAudioDevice::UpdateMixerLevel [Device_HP, Device_Mic] - Level: 100, Mute: 0
[2026-07-06 22:25:00.102] [rz] [info] CRzCamyAudioDevice::SetMicMonitorLevel iLevel: 2560 ==> 0x0A00
[2026-07-06 22:25:00.102] [rz] [info] CamyNative::SetDeviceVolume Device_Mic - uLevel: 100 result: true
[2026-07-06 22:25:00.103] [rz] [info] CRzCamyAudioDevice::UpdateMixerLevel [Device_HP, Device_Mic] - Level: 100, Mute: 0
[2026-07-06 22:25:00.103] [rz] [info] CRzCamyAudioDevice::SetMicMonitorLevel iLevel: 2560 ==> 0x0A00
[2026-07-06 22:25:00.104] [rz] [info] CamyNative::SetDeviceMute Device_Mic - bMuted: 0 result: true
[2026-07-06 23:21:01.272] [rz] [info] CamyNative::DeviceTerminate containerId: {6AAC826E-DACA-5976-A233-9A3F6F75C061} device removed.
[2026-07-06 23:21:01.273] [rz] [info] CCamyDevice::~CCamyDevice =>
[2026-07-06 23:21:01.273] [rz] [info] CCamyDevice::DisconnectDevice Disconnect done
[2026-07-06 23:21:01.273] [rz] [info] CCamyDevice::~CCamyDevice =><=
[2026-07-06 23:21:01.273] [rz] [info] Releasing Windows Audio Controls...
[2026-07-06 23:21:01.872] [rz] [info] => DLL_PROCESS_DETACH =>
[2026-07-06 23:21:01.872] [rz] [info] CCamyDevicesManager::~CCamyDevicesManager =>
[2026-07-06 23:21:01.872] [rz] [info] CCamyDevicesManager::~CCamyDevicesManager =><=
[2026-07-06 23:21:01.872] [rz] [info] CThreadExecutor::~CThreadExecutor =>
[2026-07-06 23:21:01.872] [rz] [info] CThreadExecutor::~CThreadExecutor =><=
[2026-07-06 23:21:01.872] [rz] [info] => DLL_PROCESS_DETACH =><=
[2026-07-07 13:10:18.663] [rz] [info] => DLL_PROCESS_ATTACH
[2026-07-07 13:10:18.663] [rz] [info] DLL version: 1.0.12.0
[2026-07-07 13:10:18.663] [rz] [info] CThreadExecutor::RunThread =>
[2026-07-07 13:10:18.720] [rz] [info] TUsbAudio Info:
[2026-07-07 13:10:18.720] [rz] [info] 	 DeviceOutput: 3
[2026-07-07 13:10:18.720] [rz] [info] CRzCamyAudioDevice::AddIODevice Adding : Device_HP, Pin: 5, StartChannel: 0, NumChannel: 2
[2026-07-07 13:10:18.720] [rz] [info] 	 Volume Info - Device_HP: Min: -16384, Max: 0, Step: 1 FU: 3
[2026-07-07 13:10:18.720] [rz] [info] 	 AppRecording: 3
[2026-07-07 13:10:18.720] [rz] [info] CRzCamyAudioDevice::AddIODevice Adding : Microphone, Pin: 4, StartChannel: 0, NumChannel: 1
[2026-07-07 13:10:18.720] [rz] [info] 	 AppRecordingVirtual: 4
[2026-07-07 13:10:18.720] [rz] [info] CRzCamyAudioDevice::AddIODevice Adding : StreamMix, Pin: 6, StartChannel: 0, NumChannel: 2
[2026-07-07 13:10:18.720] [rz] [info] CRzCamyAudioDevice::AddIODevice Adding : PlaybackMix, Pin: 6, StartChannel: 2, NumChannel: 2
[2026-07-07 13:10:18.720] [rz] [info] 	 AppPlayback: 3
[2026-07-07 13:10:18.720] [rz] [info] CRzCamyAudioDevice::AddIODevice Adding : Headphones, Pin: 0, StartChannel: 0, NumChannel: 2
[2026-07-07 13:10:18.720] [rz] [info] 	 DeviceInput: 3
[2026-07-07 13:10:18.720] [rz] [info] CRzCamyAudioDevice::AddIODevice Adding : Device_Mic, Pin: 1, StartChannel: 0, NumChannel: 1
[2026-07-07 13:10:18.720] [rz] [info] 	 Volume Info - Device_Mic: Min: 0, Max: 9216, Step: 1 FU: 7
[2026-07-07 13:10:18.720] [rz] [info] CRzCamyAudioDevice::AddIODevice Adding : Device_MicDry, Pin: 1, StartChannel: 1, NumChannel: 1
[2026-07-07 13:10:18.720] [rz] [info] 	 Volume Info - Device_MicDry: Min: 0, Max: 9216, Step: 1 FU: 7
[2026-07-07 13:10:18.720] [rz] [info] CRzCamyAudioDevice::AddIODevice Adding : Device_MicPostExp, Pin: 1, StartChannel: 2, NumChannel: 1
[2026-07-07 13:10:18.720] [rz] [info] 	 Volume Info - Device_MicPostExp: Min: 0, Max: 9216, Step: 1 FU: 7
[2026-07-07 13:10:18.720] [rz] [info] 	 AppPlaybackVirtual: 18
[2026-07-07 13:10:18.720] [rz] [info] CRzCamyAudioDevice::AddIODevice Adding : System, Pin: 2, StartChannel: 0, NumChannel: 2
[2026-07-07 13:10:18.720] [rz] [info] CRzCamyAudioDevice::AddIODevice Adding : Music, Pin: 2, StartChannel: 2, NumChannel: 2
[2026-07-07 13:10:18.720] [rz] [info] CRzCamyAudioDevice::AddIODevice Adding : Game, Pin: 2, StartChannel: 4, NumChannel: 2
[2026-07-07 13:10:18.720] [rz] [info] CRzCamyAudioDevice::AddIODevice Adding : VoiceChat, Pin: 2, StartChannel: 6, NumChannel: 2
[2026-07-07 13:10:18.720] [rz] [info] CRzCamyAudioDevice::AddIODevice Adding : Browser, Pin: 2, StartChannel: 8, NumChannel: 2
[2026-07-07 13:10:18.720] [rz] [info] CRzCamyAudioDevice::AddIODevice Adding : SoundEffects, Pin: 2, StartChannel: 10, NumChannel: 2
[2026-07-07 13:10:18.720] [rz] [info] CRzCamyAudioDevice::AddIODevice Adding : Aux1, Pin: 2, StartChannel: 12, NumChannel: 2
[2026-07-07 13:10:18.720] [rz] [info] CRzCamyAudioDevice::AddIODevice Adding : Aux2, Pin: 2, StartChannel: 14, NumChannel: 2
[2026-07-07 13:10:18.721] [rz] [info] CRzCamyAudioDevice::AddIODevice Adding : Aux3, Pin: 2, StartChannel: 16, NumChannel: 2
[2026-07-07 13:10:18.721] [rz] [info] CRzCamyAudioDevice::GetMode Current Mode: Basic
[2026-07-07 13:10:18.721] [rz] [info] Acquiring Windows Audio Controls...
[2026-07-07 13:10:18.724] [rz] [info] CRzCamyAudioDevice::GetEndpoint Microphone is mismatched with: Service (Do not use) (2- Razer Seiren V3 Pro) 
[2026-07-07 13:10:18.725] [rz] [info] CRzCamyAudioDevice::GetEndpoint Microphone found
[2026-07-07 13:10:18.727] [rz] [info] CRzCamyAudioDevice::GetEndpoint Service found
[2026-07-07 13:10:18.729] [rz] [info] CRzCamyAudioDevice::GetEndpoint Headphones found
[2026-07-07 13:10:18.730] [rz] [info] CRzCamyAudioDevice::AcquireWindowsAudioControls acquire MicVolume and HPVolume successfully
[2026-07-07 13:10:18.730] [rz] [info] CRzCamyAudioDevice::AcquireWindowsAudioControls Done.
[2026-07-07 13:10:18.730] [rz] [info] CamyNative::DeviceInitialize containerId: {6AAC826E-DACA-5976-A233-9A3F6F75C061} r: true.
[2026-07-07 13:10:18.785] [rz] [info] CRzCamyAudioDevice::GetMode Current Mode: Basic
[2026-07-07 13:10:18.785] [rz] [info] CamyNative::GetMode containerId: {6AAC826E-DACA-5976-A233-9A3F6F75C061} result: 0
[2026-07-07 13:10:18.786] [rz] [info] CamyNative::SetLevelMeterEnable bEnable: 1 result: true
[2026-07-07 13:10:19.728] [rz] [info] CCamyDevice::SetMasterSampleRate =>
[2026-07-07 13:10:19.728] [rz] [info] CRzCamyAudioDevice::SetMasterSampleRate no need to update sampleRate as 48000 is the same as current one.
[2026-07-07 13:10:19.728] [rz] [info] CCamyDevice::SetMasterSampleRate =><=
[2026-07-07 13:10:19.728] [rz] [info] CRzCamyAudioDevice::GetMode Current Mode: Basic
[2026-07-07 13:10:19.728] [rz] [info] CamyNative::SetMasterSampleRate uSampleRate: 48000 take: 0ms result: true
[2026-07-07 13:10:19.741] [rz] [info] CamyNative::GetDeviceVolume Device_HP - uLevel: 100
[2026-07-07 13:10:19.742] [rz] [info] CamyNative::GetDeviceMute Device_HP - bMuted: false
[2026-07-07 13:10:19.743] [rz] [info] CamyNative::GetDeviceVolume Device_Mic - uLevel: 100
[2026-07-07 13:10:19.744] [rz] [info] CamyNative::GetDeviceMute Device_Mic - bMuted: false
[2026-07-07 13:10:19.818] [rz] [info] CamyNative::GetDeviceVolume Device_HP - uLevel: 100
[2026-07-07 13:10:19.819] [rz] [info] CamyNative::GetDeviceMute Device_HP - bMuted: false
[2026-07-07 13:10:19.819] [rz] [info] CamyNative::GetDeviceVolume Device_Mic - uLevel: 100
[2026-07-07 13:10:19.820] [rz] [info] CamyNative::GetDeviceMute Device_Mic - bMuted: false
[2026-07-07 13:10:20.487] [rz] [info] CCamyDevice::SetMasterSampleRate =>
[2026-07-07 13:10:20.487] [rz] [info] CRzCamyAudioDevice::SetMasterSampleRate no need to update sampleRate as 48000 is the same as current one.
[2026-07-07 13:10:20.487] [rz] [info] CCamyDevice::SetMasterSampleRate =><=
[2026-07-07 13:10:20.487] [rz] [info] CRzCamyAudioDevice::GetMode Current Mode: Basic
[2026-07-07 13:10:20.487] [rz] [info] CamyNative::SetMasterSampleRate uSampleRate: 48000 take: 0ms result: true
[2026-07-07 14:14:01.748] [rz] [info] CamyNative::DeviceTerminate containerId: {6AAC826E-DACA-5976-A233-9A3F6F75C061} device removed.
[2026-07-07 14:14:01.748] [rz] [info] CCamyDevice::~CCamyDevice =>
[2026-07-07 14:14:01.749] [rz] [info] CCamyDevice::DisconnectDevice Disconnect done
[2026-07-07 14:14:01.749] [rz] [info] CCamyDevice::~CCamyDevice =><=
[2026-07-07 14:14:01.749] [rz] [info] Releasing Windows Audio Controls...
[2026-07-07 14:14:02.315] [rz] [info] => DLL_PROCESS_DETACH =>
[2026-07-07 14:14:02.315] [rz] [info] CCamyDevicesManager::~CCamyDevicesManager =>
[2026-07-07 14:14:02.315] [rz] [info] CCamyDevicesManager::~CCamyDevicesManager =><=
[2026-07-07 14:14:02.315] [rz] [info] CThreadExecutor::~CThreadExecutor =>
[2026-07-07 14:14:02.315] [rz] [info] CThreadExecutor::~CThreadExecutor =><=
[2026-07-07 14:14:02.315] [rz] [info] => DLL_PROCESS_DETACH =><=
[2026-07-07 21:46:50.367] [rz] [info] => DLL_PROCESS_ATTACH
[2026-07-07 21:46:50.367] [rz] [info] DLL version: 1.0.12.0
[2026-07-07 21:46:50.371] [rz] [info] CThreadExecutor::RunThread =>
[2026-07-07 21:46:50.385] [rz] [info] TUsbAudio Info:
[2026-07-07 21:46:50.385] [rz] [info] 	 DeviceOutput: 3
[2026-07-07 21:46:50.385] [rz] [info] CRzCamyAudioDevice::AddIODevice Adding : Device_HP, Pin: 5, StartChannel: 0, NumChannel: 2
[2026-07-07 21:46:50.385] [rz] [info] 	 Volume Info - Device_HP: Min: -16384, Max: 0, Step: 1 FU: 3
[2026-07-07 21:46:50.385] [rz] [info] 	 AppRecording: 3
[2026-07-07 21:46:50.385] [rz] [info] CRzCamyAudioDevice::AddIODevice Adding : Microphone, Pin: 4, StartChannel: 0, NumChannel: 1
[2026-07-07 21:46:50.385] [rz] [info] 	 AppRecordingVirtual: 4
[2026-07-07 21:46:50.385] [rz] [info] CRzCamyAudioDevice::AddIODevice Adding : StreamMix, Pin: 6, StartChannel: 0, NumChannel: 2
[2026-07-07 21:46:50.385] [rz] [info] CRzCamyAudioDevice::AddIODevice Adding : PlaybackMix, Pin: 6, StartChannel: 2, NumChannel: 2
[2026-07-07 21:46:50.385] [rz] [info] 	 AppPlayback: 3
[2026-07-07 21:46:50.386] [rz] [info] CRzCamyAudioDevice::AddIODevice Adding : Headphones, Pin: 0, StartChannel: 0, NumChannel: 2
[2026-07-07 21:46:50.386] [rz] [info] 	 DeviceInput: 3
[2026-07-07 21:46:50.386] [rz] [info] CRzCamyAudioDevice::AddIODevice Adding : Device_Mic, Pin: 1, StartChannel: 0, NumChannel: 1
[2026-07-07 21:46:50.386] [rz] [info] 	 Volume Info - Device_Mic: Min: 0, Max: 9216, Step: 1 FU: 7
[2026-07-07 21:46:50.386] [rz] [info] CRzCamyAudioDevice::AddIODevice Adding : Device_MicDry, Pin: 1, StartChannel: 1, NumChannel: 1
[2026-07-07 21:46:50.386] [rz] [info] 	 Volume Info - Device_MicDry: Min: 0, Max: 9216, Step: 1 FU: 7
[2026-07-07 21:46:50.386] [rz] [info] CRzCamyAudioDevice::AddIODevice Adding : Device_MicPostExp, Pin: 1, StartChannel: 2, NumChannel: 1
[2026-07-07 21:46:50.386] [rz] [info] 	 Volume Info - Device_MicPostExp: Min: 0, Max: 9216, Step: 1 FU: 7
[2026-07-07 21:46:50.386] [rz] [info] 	 AppPlaybackVirtual: 18
[2026-07-07 21:46:50.386] [rz] [info] CRzCamyAudioDevice::AddIODevice Adding : System, Pin: 2, StartChannel: 0, NumChannel: 2
[2026-07-07 21:46:50.386] [rz] [info] CRzCamyAudioDevice::AddIODevice Adding : Music, Pin: 2, StartChannel: 2, NumChannel: 2
[2026-07-07 21:46:50.386] [rz] [info] CRzCamyAudioDevice::AddIODevice Adding : Game, Pin: 2, StartChannel: 4, NumChannel: 2
[2026-07-07 21:46:50.386] [rz] [info] CRzCamyAudioDevice::AddIODevice Adding : VoiceChat, Pin: 2, StartChannel: 6, NumChannel: 2
[2026-07-07 21:46:50.386] [rz] [info] CRzCamyAudioDevice::AddIODevice Adding : Browser, Pin: 2, StartChannel: 8, NumChannel: 2
[2026-07-07 21:46:50.386] [rz] [info] CRzCamyAudioDevice::AddIODevice Adding : SoundEffects, Pin: 2, StartChannel: 10, NumChannel: 2
[2026-07-07 21:46:50.386] [rz] [info] CRzCamyAudioDevice::AddIODevice Adding : Aux1, Pin: 2, StartChannel: 12, NumChannel: 2
[2026-07-07 21:46:50.386] [rz] [info] CRzCamyAudioDevice::AddIODevice Adding : Aux2, Pin: 2, StartChannel: 14, NumChannel: 2
[2026-07-07 21:46:50.386] [rz] [info] CRzCamyAudioDevice::AddIODevice Adding : Aux3, Pin: 2, StartChannel: 16, NumChannel: 2
[2026-07-07 21:46:50.386] [rz] [info] CRzCamyAudioDevice::GetMode Current Mode: Basic
[2026-07-07 21:46:50.386] [rz] [info] Acquiring Windows Audio Controls...
[2026-07-07 21:46:50.388] [rz] [info] CRzCamyAudioDevice::GetEndpoint Microphone is mismatched with: Service (Do not use) (2- Razer Seiren V3 Pro) 
[2026-07-07 21:46:50.389] [rz] [info] CRzCamyAudioDevice::GetEndpoint Microphone found
[2026-07-07 21:46:50.391] [rz] [info] CRzCamyAudioDevice::GetEndpoint Service found
[2026-07-07 21:46:50.394] [rz] [info] CRzCamyAudioDevice::GetEndpoint Headphones found
[2026-07-07 21:46:50.419] [rz] [info] CRzCamyAudioDevice::AcquireWindowsAudioControls acquire MicVolume and HPVolume successfully
[2026-07-07 21:46:50.419] [rz] [info] CRzCamyAudioDevice::AcquireWindowsAudioControls Done.
[2026-07-07 21:46:50.419] [rz] [info] CamyNative::DeviceInitialize containerId: {6AAC826E-DACA-5976-A233-9A3F6F75C061} r: true.
[2026-07-07 21:46:50.437] [rz] [info] CRzCamyAudioDevice::GetMode Current Mode: Basic
[2026-07-07 21:46:50.437] [rz] [info] CamyNative::GetMode containerId: {6AAC826E-DACA-5976-A233-9A3F6F75C061} result: 0
[2026-07-07 21:46:50.438] [rz] [info] CamyNative::SetLevelMeterEnable bEnable: 1 result: true
[2026-07-07 21:46:51.262] [rz] [info] CCamyDevice::SetMasterSampleRate =>
[2026-07-07 21:46:51.262] [rz] [info] CRzCamyAudioDevice::SetMasterSampleRate no need to update sampleRate as 48000 is the same as current one.
[2026-07-07 21:46:51.262] [rz] [info] CCamyDevice::SetMasterSampleRate =><=
[2026-07-07 21:46:51.262] [rz] [info] CRzCamyAudioDevice::GetMode Current Mode: Basic
[2026-07-07 21:46:51.262] [rz] [info] CamyNative::SetMasterSampleRate uSampleRate: 48000 take: 0ms result: true
[2026-07-07 21:46:51.276] [rz] [info] CamyNative::GetDeviceVolume Device_HP - uLevel: 100
[2026-07-07 21:46:51.278] [rz] [info] CamyNative::GetDeviceMute Device_HP - bMuted: false
[2026-07-07 21:46:51.280] [rz] [info] CamyNative::GetDeviceVolume Device_Mic - uLevel: 100
[2026-07-07 21:46:51.281] [rz] [info] CamyNative::GetDeviceMute Device_Mic - bMuted: false
[2026-07-07 21:46:51.355] [rz] [info] CamyNative::GetDeviceVolume Device_HP - uLevel: 100
[2026-07-07 21:46:51.357] [rz] [info] CamyNative::GetDeviceMute Device_HP - bMuted: false
[2026-07-07 21:46:51.358] [rz] [info] CamyNative::GetDeviceVolume Device_Mic - uLevel: 100
[2026-07-07 21:46:51.359] [rz] [info] CamyNative::GetDeviceMute Device_Mic - bMuted: false
[2026-07-07 21:46:52.214] [rz] [info] CCamyDevice::SetMasterSampleRate =>
[2026-07-07 21:46:52.214] [rz] [info] CRzCamyAudioDevice::SetMasterSampleRate no need to update sampleRate as 48000 is the same as current one.
[2026-07-07 21:46:52.214] [rz] [info] CCamyDevice::SetMasterSampleRate =><=
[2026-07-07 21:46:52.214] [rz] [info] CRzCamyAudioDevice::GetMode Current Mode: Basic
[2026-07-07 21:46:52.215] [rz] [info] CamyNative::SetMasterSampleRate uSampleRate: 48000 take: 0ms result: true
[2026-07-07 22:26:57.439] [rz] [info] CRzCamyAudioDevice::UpdateMixerLevel [Device_HP, Device_Mic] - Level: 100, Mute: 0
[2026-07-07 22:26:57.440] [rz] [info] CRzCamyAudioDevice::SetMicMonitorLevel iLevel: 2560 ==> 0x0A00
[2026-07-07 22:26:57.441] [rz] [info] deviceCamyChanged : {"containerId":"{6AAC826E-DACA-5976-A233-9A3F6F75C061}","deviceId":262145,"event":"deviceCamyChanged","eventType":"deviceMute","level":100,"mute":1}
[2026-07-07 22:26:58.040] [rz] [info] CRzCamyAudioDevice::UpdateMixerLevel [Device_HP, Device_Mic] - Level: 100, Mute: 0
[2026-07-07 22:26:58.041] [rz] [info] CRzCamyAudioDevice::SetMicMonitorLevel iLevel: 2560 ==> 0x0A00
[2026-07-07 22:26:58.041] [rz] [info] deviceCamyChanged : {"containerId":"{6AAC826E-DACA-5976-A233-9A3F6F75C061}","deviceId":262145,"event":"deviceCamyChanged","eventType":"deviceMute","level":100,"mute":0}
[2026-07-07 22:39:58.998] [rz] [info] CamyNative::GetDeviceVolume Device_HP - uLevel: 100
[2026-07-07 22:39:59.001] [rz] [info] CamyNative::GetDeviceMute Device_HP - bMuted: false
[2026-07-07 22:39:59.002] [rz] [info] CamyNative::GetDeviceVolume Device_Mic - uLevel: 100
[2026-07-07 22:39:59.003] [rz] [info] CamyNative::GetDeviceMute Device_Mic - bMuted: false
[2026-07-07 22:39:59.101] [rz] [info] CamyNative::SetLevelMeterEnable bEnable: 1 result: true
[2026-07-07 22:40:52.674] [rz] [info] CamyNative::SetLevelMeterEnable bEnable: 0 result: true
[2026-07-07 22:45:07.299] [rz] [info] CamyNative::GetDeviceVolume Device_HP - uLevel: 100
[2026-07-07 22:45:07.300] [rz] [info] CamyNative::GetDeviceMute Device_HP - bMuted: false
[2026-07-07 22:45:07.301] [rz] [info] CamyNative::GetDeviceVolume Device_Mic - uLevel: 100
[2026-07-07 22:45:07.302] [rz] [info] CamyNative::GetDeviceMute Device_Mic - bMuted: false
[2026-07-07 22:45:07.364] [rz] [info] CamyNative::SetLevelMeterEnable bEnable: 1 result: true
[2026-07-07 22:45:47.458] [rz] [info] CRzCamyAudioDevice::UpdateMixerLevel [Device_HP, Device_Mic] - Level: 100, Mute: 0
[2026-07-07 22:45:47.458] [rz] [info] CRzCamyAudioDevice::SetMicMonitorLevel iLevel: 2560 ==> 0x0A00
[2026-07-07 22:45:47.458] [rz] [info] CamyNative::SetDeviceVolume Device_Mic - uLevel: 18 result: true
[2026-07-07 22:45:47.462] [rz] [info] CRzCamyAudioDevice::UpdateMixerLevel [Device_HP, Device_Mic] - Level: 100, Mute: 0
[2026-07-07 22:45:47.462] [rz] [info] CRzCamyAudioDevice::SetMicMonitorLevel iLevel: 2560 ==> 0x0A00
[2026-07-07 22:45:47.462] [rz] [info] CamyNative::SetDeviceMute Device_Mic - bMuted: 0 result: true
[2026-07-07 22:45:51.094] [rz] [info] CRzCamyAudioDevice::UpdateMixerLevel [Device_HP, Device_Mic] - Level: 100, Mute: 0
[2026-07-07 22:45:51.094] [rz] [info] CRzCamyAudioDevice::SetMicMonitorLevel iLevel: 2560 ==> 0x0A00
[2026-07-07 22:45:51.095] [rz] [info] CamyNative::SetDeviceVolume Device_Mic - uLevel: 100 result: true
[2026-07-07 22:45:51.096] [rz] [info] CRzCamyAudioDevice::UpdateMixerLevel [Device_HP, Device_Mic] - Level: 100, Mute: 0
[2026-07-07 22:45:51.096] [rz] [info] CRzCamyAudioDevice::SetMicMonitorLevel iLevel: 2560 ==> 0x0A00
[2026-07-07 22:45:51.097] [rz] [info] CamyNative::SetDeviceMute Device_Mic - bMuted: 0 result: true
[2026-07-07 22:45:55.753] [rz] [info] CRzCamyAudioDevice::UpdateMixerLevel [Device_HP, Device_Mic] - Level: 100, Mute: 0
[2026-07-07 22:45:55.753] [rz] [info] CRzCamyAudioDevice::SetMicMonitorLevel iLevel: 2560 ==> 0x0A00
[2026-07-07 22:45:55.754] [rz] [info] CamyNative::SetDeviceVolume Device_Mic - uLevel: 18 result: true
[2026-07-07 22:45:55.758] [rz] [info] CRzCamyAudioDevice::UpdateMixerLevel [Device_HP, Device_Mic] - Level: 100, Mute: 0
[2026-07-07 22:45:55.758] [rz] [info] CRzCamyAudioDevice::SetMicMonitorLevel iLevel: 2560 ==> 0x0A00
[2026-07-07 22:45:55.758] [rz] [info] CamyNative::SetDeviceMute Device_Mic - bMuted: 0 result: true
[2026-07-07 22:46:07.534] [rz] [info] CRzCamyAudioDevice::UpdateMixerLevel [Device_HP, Device_Mic] - Level: 100, Mute: 0
[2026-07-07 22:46:07.534] [rz] [info] CRzCamyAudioDevice::SetMicMonitorLevel iLevel: 2560 ==> 0x0A00
[2026-07-07 22:46:07.535] [rz] [info] CamyNative::SetDeviceVolume Device_Mic - uLevel: 19 result: true
[2026-07-07 22:46:07.536] [rz] [info] CRzCamyAudioDevice::UpdateMixerLevel [Device_HP, Device_Mic] - Level: 100, Mute: 0
[2026-07-07 22:46:07.536] [rz] [info] CRzCamyAudioDevice::SetMicMonitorLevel iLevel: 2560 ==> 0x0A00
[2026-07-07 22:46:07.536] [rz] [info] CamyNative::SetDeviceMute Device_Mic - bMuted: 0 result: true
[2026-07-07 22:46:07.632] [rz] [info] CRzCamyAudioDevice::UpdateMixerLevel [Device_HP, Device_Mic] - Level: 100, Mute: 0
[2026-07-07 22:46:07.632] [rz] [info] CRzCamyAudioDevice::SetMicMonitorLevel iLevel: 2560 ==> 0x0A00
[2026-07-07 22:46:07.632] [rz] [info] CamyNative::SetDeviceVolume Device_Mic - uLevel: 30 result: true
[2026-07-07 22:46:07.633] [rz] [info] CRzCamyAudioDevice::UpdateMixerLevel [Device_HP, Device_Mic] - Level: 100, Mute: 0
[2026-07-07 22:46:07.633] [rz] [info] CRzCamyAudioDevice::SetMicMonitorLevel iLevel: 2560 ==> 0x0A00
[2026-07-07 22:46:07.634] [rz] [info] CamyNative::SetDeviceMute Device_Mic - bMuted: 0 result: true
[2026-07-07 22:46:07.647] [rz] [info] CRzCamyAudioDevice::UpdateMixerLevel [Device_HP, Device_Mic] - Level: 100, Mute: 0
[2026-07-07 22:46:07.647] [rz] [info] CRzCamyAudioDevice::SetMicMonitorLevel iLevel: 2560 ==> 0x0A00
[2026-07-07 22:46:07.648] [rz] [info] CamyNative::SetDeviceVolume Device_Mic - uLevel: 45 result: true
[2026-07-07 22:46:07.654] [rz] [info] CRzCamyAudioDevice::UpdateMixerLevel [Device_HP, Device_Mic] - Level: 100, Mute: 0
[2026-07-07 22:46:07.654] [rz] [info] CRzCamyAudioDevice::SetMicMonitorLevel iLevel: 2560 ==> 0x0A00
[2026-07-07 22:46:07.654] [rz] [info] CamyNative::SetDeviceMute Device_Mic - bMuted: 0 result: true
[2026-07-07 22:46:07.670] [rz] [info] CRzCamyAudioDevice::UpdateMixerLevel [Device_HP, Device_Mic] - Level: 100, Mute: 0
[2026-07-07 22:46:07.671] [rz] [info] CRzCamyAudioDevice::SetMicMonitorLevel iLevel: 2560 ==> 0x0A00
[2026-07-07 22:46:07.671] [rz] [info] CamyNative::SetDeviceVolume Device_Mic - uLevel: 53 result: true
[2026-07-07 22:46:07.679] [rz] [info] CRzCamyAudioDevice::UpdateMixerLevel [Device_HP, Device_Mic] - Level: 100, Mute: 0
[2026-07-07 22:46:07.679] [rz] [info] CRzCamyAudioDevice::SetMicMonitorLevel iLevel: 2560 ==> 0x0A00
[2026-07-07 22:46:07.680] [rz] [info] CamyNative::SetDeviceMute Device_Mic - bMuted: 0 result: true
[2026-07-07 22:46:07.688] [rz] [info] CRzCamyAudioDevice::UpdateMixerLevel [Device_HP, Device_Mic] - Level: 100, Mute: 0
[2026-07-07 22:46:07.688] [rz] [info] CRzCamyAudioDevice::SetMicMonitorLevel iLevel: 2560 ==> 0x0A00
[2026-07-07 22:46:07.689] [rz] [info] CamyNative::SetDeviceVolume Device_Mic - uLevel: 72 result: true
[2026-07-07 22:46:07.694] [rz] [info] CRzCamyAudioDevice::UpdateMixerLevel [Device_HP, Device_Mic] - Level: 100, Mute: 0
[2026-07-07 22:46:07.694] [rz] [info] CRzCamyAudioDevice::SetMicMonitorLevel iLevel: 2560 ==> 0x0A00
[2026-07-07 22:46:07.695] [rz] [info] CamyNative::SetDeviceMute Device_Mic - bMuted: 0 result: true
[2026-07-07 22:46:07.702] [rz] [info] CRzCamyAudioDevice::UpdateMixerLevel [Device_HP, Device_Mic] - Level: 100, Mute: 0
[2026-07-07 22:46:07.702] [rz] [info] CRzCamyAudioDevice::SetMicMonitorLevel iLevel: 2560 ==> 0x0A00
[2026-07-07 22:46:07.703] [rz] [info] CamyNative::SetDeviceVolume Device_Mic - uLevel: 78 result: true
[2026-07-07 22:46:07.708] [rz] [info] CRzCamyAudioDevice::UpdateMixerLevel [Device_HP, Device_Mic] - Level: 100, Mute: 0
[2026-07-07 22:46:07.708] [rz] [info] CRzCamyAudioDevice::SetMicMonitorLevel iLevel: 2560 ==> 0x0A00
[2026-07-07 22:46:07.709] [rz] [info] CamyNative::SetDeviceMute Device_Mic - bMuted: 0 result: true
[2026-07-07 22:46:07.715] [rz] [info] CRzCamyAudioDevice::UpdateMixerLevel [Device_HP, Device_Mic] - Level: 100, Mute: 0
[2026-07-07 22:46:07.715] [rz] [info] CRzCamyAudioDevice::SetMicMonitorLevel iLevel: 2560 ==> 0x0A00
[2026-07-07 22:46:07.715] [rz] [info] CamyNative::SetDeviceVolume Device_Mic - uLevel: 92 result: true
[2026-07-07 22:46:07.719] [rz] [info] CRzCamyAudioDevice::UpdateMixerLevel [Device_HP, Device_Mic] - Level: 100, Mute: 0
[2026-07-07 22:46:07.719] [rz] [info] CRzCamyAudioDevice::SetMicMonitorLevel iLevel: 2560 ==> 0x0A00
[2026-07-07 22:46:07.719] [rz] [info] CamyNative::SetDeviceMute Device_Mic - bMuted: 0 result: true
[2026-07-07 22:46:07.726] [rz] [info] CRzCamyAudioDevice::UpdateMixerLevel [Device_HP, Device_Mic] - Level: 100, Mute: 0
[2026-07-07 22:46:07.726] [rz] [info] CRzCamyAudioDevice::SetMicMonitorLevel iLevel: 2560 ==> 0x0A00
[2026-07-07 22:46:07.727] [rz] [info] CamyNative::SetDeviceVolume Device_Mic - uLevel: 100 result: true
[2026-07-07 22:46:07.728] [rz] [info] CRzCamyAudioDevice::UpdateMixerLevel [Device_HP, Device_Mic] - Level: 100, Mute: 0
[2026-07-07 22:46:07.728] [rz] [info] CRzCamyAudioDevice::SetMicMonitorLevel iLevel: 2560 ==> 0x0A00
[2026-07-07 22:46:07.729] [rz] [info] CamyNative::SetDeviceMute Device_Mic - bMuted: 0 result: true
[2026-07-07 22:46:11.855] [rz] [info] CRzCamyAudioDevice::UpdateMixerLevel [Device_HP, Device_Mic] - Level: 100, Mute: 0
[2026-07-07 22:46:11.855] [rz] [info] CRzCamyAudioDevice::SetMicMonitorLevel iLevel: 2560 ==> 0x0A00
[2026-07-07 22:46:11.855] [rz] [info] CamyNative::SetDeviceVolume Device_Mic - uLevel: 100 result: true
[2026-07-07 22:46:11.856] [rz] [info] CRzCamyAudioDevice::UpdateMixerLevel [Device_HP, Device_Mic] - Level: 100, Mute: 0
[2026-07-07 22:46:11.856] [rz] [info] CRzCamyAudioDevice::SetMicMonitorLevel iLevel: 2560 ==> 0x0A00
[2026-07-07 22:46:11.857] [rz] [info] CamyNative::SetDeviceMute Device_Mic - bMuted: 0 result: true
[2026-07-07 22:46:23.751] [rz] [info] CRzCamyAudioDevice::UpdateMixerLevel [Device_HP, Device_Mic] - Level: 100, Mute: 0
[2026-07-07 22:46:23.751] [rz] [info] CRzCamyAudioDevice::SetMicMonitorLevel iLevel: 2560 ==> 0x0A00
[2026-07-07 22:46:23.752] [rz] [info] CamyNative::SetDeviceVolume Device_Mic - uLevel: 97 result: true
[2026-07-07 22:46:23.753] [rz] [info] CRzCamyAudioDevice::UpdateMixerLevel [Device_HP, Device_Mic] - Level: 100, Mute: 0
[2026-07-07 22:46:23.753] [rz] [info] CRzCamyAudioDevice::SetMicMonitorLevel iLevel: 2560 ==> 0x0A00
[2026-07-07 22:46:23.754] [rz] [info] CamyNative::SetDeviceMute Device_Mic - bMuted: 0 result: true
[2026-07-07 22:46:43.645] [rz] [info] CRzCamyAudioDevice::UpdateMixerLevel [Device_HP, Device_Mic] - Level: 100, Mute: 0
[2026-07-07 22:46:43.645] [rz] [info] CRzCamyAudioDevice::SetMicMonitorLevel iLevel: 2560 ==> 0x0A00
[2026-07-07 22:46:43.646] [rz] [info] CamyNative::SetDeviceVolume Device_Mic - uLevel: 97 result: true
[2026-07-07 22:46:43.646] [rz] [info] CRzCamyAudioDevice::UpdateMixerLevel [Device_HP, Device_Mic] - Level: 100, Mute: 0
[2026-07-07 22:46:43.647] [rz] [info] CRzCamyAudioDevice::SetMicMonitorLevel iLevel: 2560 ==> 0x0A00
[2026-07-07 22:46:43.647] [rz] [info] CamyNative::SetDeviceMute Device_Mic - bMuted: 0 result: true
[2026-07-07 22:46:55.756] [rz] [info] CRzCamyAudioDevice::UpdateMixerLevel [Device_HP, Device_Mic] - Level: 100, Mute: 0
[2026-07-07 22:46:55.756] [rz] [info] CRzCamyAudioDevice::SetMicMonitorLevel iLevel: 2560 ==> 0x0A00
[2026-07-07 22:46:55.757] [rz] [info] deviceCamyChanged : {"containerId":"{6AAC826E-DACA-5976-A233-9A3F6F75C061}","deviceId":262145,"event":"deviceCamyChanged","eventType":"deviceVolume","level":100,"mute":0}
[2026-07-07 23:10:47.268] [rz] [info] CRzCamyAudioDevice::UpdateMixerLevel [Device_HP, Device_Mic] - Level: 100, Mute: 0
[2026-07-07 23:10:47.268] [rz] [info] CRzCamyAudioDevice::SetMicMonitorLevel iLevel: 2560 ==> 0x0A00
[2026-07-07 23:10:47.269] [rz] [info] deviceCamyChanged : {"containerId":"{6AAC826E-DACA-5976-A233-9A3F6F75C061}","deviceId":262145,"event":"deviceCamyChanged","eventType":"deviceMute","level":100,"mute":1}
[2026-07-07 23:10:49.093] [rz] [info] CRzCamyAudioDevice::UpdateMixerLevel [Device_HP, Device_Mic] - Level: 100, Mute: 0
[2026-07-07 23:10:49.094] [rz] [info] CRzCamyAudioDevice::SetMicMonitorLevel iLevel: 2560 ==> 0x0A00
[2026-07-07 23:10:49.095] [rz] [info] deviceCamyChanged : {"containerId":"{6AAC826E-DACA-5976-A233-9A3F6F75C061}","deviceId":262145,"event":"deviceCamyChanged","eventType":"deviceMute","level":100,"mute":0}
[2026-07-07 23:30:03.804] [rz] [info] CRzCamyAudioDevice::UpdateMixerLevel [Device_HP, Device_Mic] - Level: 100, Mute: 0
[2026-07-07 23:30:03.805] [rz] [info] CRzCamyAudioDevice::SetMicMonitorLevel iLevel: 2560 ==> 0x0A00
[2026-07-07 23:30:03.806] [rz] [info] deviceCamyChanged : {"containerId":"{6AAC826E-DACA-5976-A233-9A3F6F75C061}","deviceId":262145,"event":"deviceCamyChanged","eventType":"deviceMute","level":100,"mute":1}
[2026-07-07 23:30:04.241] [rz] [info] CRzCamyAudioDevice::UpdateMixerLevel [Device_HP, Device_Mic] - Level: 100, Mute: 0
[2026-07-07 23:30:04.241] [rz] [info] CRzCamyAudioDevice::SetMicMonitorLevel iLevel: 2560 ==> 0x0A00
[2026-07-07 23:30:04.242] [rz] [info] deviceCamyChanged : {"containerId":"{6AAC826E-DACA-5976-A233-9A3F6F75C061}","deviceId":262145,"event":"deviceCamyChanged","eventType":"deviceMute","level":100,"mute":0}
[2026-07-08 00:28:12.893] [rz] [info] CamyNative::DeviceTerminate containerId: {6AAC826E-DACA-5976-A233-9A3F6F75C061} device removed.
[2026-07-08 00:28:12.896] [rz] [info] CCamyDevice::~CCamyDevice =>
[2026-07-08 00:28:12.898] [rz] [info] CCamyDevice::DisconnectDevice Disconnect done
[2026-07-08 00:28:12.898] [rz] [info] CCamyDevice::~CCamyDevice =><=
[2026-07-08 00:28:12.898] [rz] [info] Releasing Windows Audio Controls...
[2026-07-08 00:28:13.633] [rz] [info] => DLL_PROCESS_DETACH =>
[2026-07-08 00:28:13.633] [rz] [info] CCamyDevicesManager::~CCamyDevicesManager =>
[2026-07-08 00:28:13.633] [rz] [info] CCamyDevicesManager::~CCamyDevicesManager =><=
[2026-07-08 00:28:13.633] [rz] [info] CThreadExecutor::~CThreadExecutor =>
[2026-07-08 00:28:13.633] [rz] [info] CThreadExecutor::~CThreadExecutor =><=
[2026-07-08 00:28:13.633] [rz] [info] => DLL_PROCESS_DETACH =><=
[2026-07-08 14:32:39.394] [rz] [info] => DLL_PROCESS_ATTACH
[2026-07-08 14:32:39.395] [rz] [info] DLL version: 1.0.12.0
[2026-07-08 14:32:39.395] [rz] [info] CThreadExecutor::RunThread =>
[2026-07-08 14:32:39.449] [rz] [info] TUsbAudio Info:
[2026-07-08 14:32:39.449] [rz] [info] 	 DeviceOutput: 3
[2026-07-08 14:32:39.449] [rz] [info] CRzCamyAudioDevice::AddIODevice Adding : Device_HP, Pin: 5, StartChannel: 0, NumChannel: 2
[2026-07-08 14:32:39.449] [rz] [info] 	 Volume Info - Device_HP: Min: -16384, Max: 0, Step: 1 FU: 3
[2026-07-08 14:32:39.449] [rz] [info] 	 AppRecording: 3
[2026-07-08 14:32:39.449] [rz] [info] CRzCamyAudioDevice::AddIODevice Adding : Microphone, Pin: 4, StartChannel: 0, NumChannel: 1
[2026-07-08 14:32:39.449] [rz] [info] 	 AppRecordingVirtual: 4
[2026-07-08 14:32:39.449] [rz] [info] CRzCamyAudioDevice::AddIODevice Adding : StreamMix, Pin: 6, StartChannel: 0, NumChannel: 2
[2026-07-08 14:32:39.449] [rz] [info] CRzCamyAudioDevice::AddIODevice Adding : PlaybackMix, Pin: 6, StartChannel: 2, NumChannel: 2
[2026-07-08 14:32:39.449] [rz] [info] 	 AppPlayback: 3
[2026-07-08 14:32:39.449] [rz] [info] CRzCamyAudioDevice::AddIODevice Adding : Headphones, Pin: 0, StartChannel: 0, NumChannel: 2
[2026-07-08 14:32:39.449] [rz] [info] 	 DeviceInput: 3
[2026-07-08 14:32:39.449] [rz] [info] CRzCamyAudioDevice::AddIODevice Adding : Device_Mic, Pin: 1, StartChannel: 0, NumChannel: 1
[2026-07-08 14:32:39.449] [rz] [info] 	 Volume Info - Device_Mic: Min: 0, Max: 9216, Step: 1 FU: 7
[2026-07-08 14:32:39.449] [rz] [info] CRzCamyAudioDevice::AddIODevice Adding : Device_MicDry, Pin: 1, StartChannel: 1, NumChannel: 1
[2026-07-08 14:32:39.449] [rz] [info] 	 Volume Info - Device_MicDry: Min: 0, Max: 9216, Step: 1 FU: 7
[2026-07-08 14:32:39.449] [rz] [info] CRzCamyAudioDevice::AddIODevice Adding : Device_MicPostExp, Pin: 1, StartChannel: 2, NumChannel: 1
[2026-07-08 14:32:39.449] [rz] [info] 	 Volume Info - Device_MicPostExp: Min: 0, Max: 9216, Step: 1 FU: 7
[2026-07-08 14:32:39.449] [rz] [info] 	 AppPlaybackVirtual: 18
[2026-07-08 14:32:39.449] [rz] [info] CRzCamyAudioDevice::AddIODevice Adding : System, Pin: 2, StartChannel: 0, NumChannel: 2
[2026-07-08 14:32:39.449] [rz] [info] CRzCamyAudioDevice::AddIODevice Adding : Music, Pin: 2, StartChannel: 2, NumChannel: 2
[2026-07-08 14:32:39.449] [rz] [info] CRzCamyAudioDevice::AddIODevice Adding : Game, Pin: 2, StartChannel: 4, NumChannel: 2
[2026-07-08 14:32:39.449] [rz] [info] CRzCamyAudioDevice::AddIODevice Adding : VoiceChat, Pin: 2, StartChannel: 6, NumChannel: 2
[2026-07-08 14:32:39.449] [rz] [info] CRzCamyAudioDevice::AddIODevice Adding : Browser, Pin: 2, StartChannel: 8, NumChannel: 2
[2026-07-08 14:32:39.449] [rz] [info] CRzCamyAudioDevice::AddIODevice Adding : SoundEffects, Pin: 2, StartChannel: 10, NumChannel: 2
[2026-07-08 14:32:39.449] [rz] [info] CRzCamyAudioDevice::AddIODevice Adding : Aux1, Pin: 2, StartChannel: 12, NumChannel: 2
[2026-07-08 14:32:39.449] [rz] [info] CRzCamyAudioDevice::AddIODevice Adding : Aux2, Pin: 2, StartChannel: 14, NumChannel: 2
[2026-07-08 14:32:39.449] [rz] [info] CRzCamyAudioDevice::AddIODevice Adding : Aux3, Pin: 2, StartChannel: 16, NumChannel: 2
[2026-07-08 14:32:39.450] [rz] [info] CRzCamyAudioDevice::GetMode Current Mode: Basic
[2026-07-08 14:32:39.450] [rz] [info] Acquiring Windows Audio Controls...
[2026-07-08 14:32:39.452] [rz] [info] CRzCamyAudioDevice::GetEndpoint Microphone is mismatched with: Service (Do not use) (2- Razer Seiren V3 Pro) 
[2026-07-08 14:32:39.453] [rz] [info] CRzCamyAudioDevice::GetEndpoint Microphone found
[2026-07-08 14:32:39.456] [rz] [info] CRzCamyAudioDevice::GetEndpoint Service found
[2026-07-08 14:32:39.459] [rz] [info] CRzCamyAudioDevice::GetEndpoint Headphones found
[2026-07-08 14:32:39.461] [rz] [info] CRzCamyAudioDevice::AcquireWindowsAudioControls acquire MicVolume and HPVolume successfully
[2026-07-08 14:32:39.461] [rz] [info] CRzCamyAudioDevice::AcquireWindowsAudioControls Done.
[2026-07-08 14:32:39.461] [rz] [info] CamyNative::DeviceInitialize containerId: {6AAC826E-DACA-5976-A233-9A3F6F75C061} r: true.
[2026-07-08 14:32:39.528] [rz] [info] CRzCamyAudioDevice::GetMode Current Mode: Basic
[2026-07-08 14:32:39.528] [rz] [info] CamyNative::GetMode containerId: {6AAC826E-DACA-5976-A233-9A3F6F75C061} result: 0
[2026-07-08 14:32:39.529] [rz] [info] CamyNative::SetLevelMeterEnable bEnable: 1 result: true
[2026-07-08 14:32:40.531] [rz] [info] CCamyDevice::SetMasterSampleRate =>
[2026-07-08 14:32:40.531] [rz] [info] CRzCamyAudioDevice::SetMasterSampleRate no need to update sampleRate as 48000 is the same as current one.
[2026-07-08 14:32:40.531] [rz] [info] CCamyDevice::SetMasterSampleRate =><=
[2026-07-08 14:32:40.531] [rz] [info] CRzCamyAudioDevice::GetMode Current Mode: Basic
[2026-07-08 14:32:40.531] [rz] [info] CamyNative::SetMasterSampleRate uSampleRate: 48000 take: 0ms result: true
[2026-07-08 14:32:40.565] [rz] [info] CamyNative::GetDeviceVolume Device_HP - uLevel: 100
[2026-07-08 14:32:40.565] [rz] [info] CamyNative::GetDeviceMute Device_HP - bMuted: false
[2026-07-08 14:32:40.566] [rz] [info] CamyNative::GetDeviceVolume Device_Mic - uLevel: 100
[2026-07-08 14:32:40.566] [rz] [info] CamyNative::GetDeviceMute Device_Mic - bMuted: false
[2026-07-08 14:32:40.652] [rz] [info] CamyNative::GetDeviceVolume Device_HP - uLevel: 100
[2026-07-08 14:32:40.653] [rz] [info] CamyNative::GetDeviceMute Device_HP - bMuted: false
[2026-07-08 14:32:40.654] [rz] [info] CamyNative::GetDeviceVolume Device_Mic - uLevel: 100
[2026-07-08 14:32:40.655] [rz] [info] CamyNative::GetDeviceMute Device_Mic - bMuted: false
[2026-07-08 14:32:41.421] [rz] [info] CCamyDevice::SetMasterSampleRate =>
[2026-07-08 14:32:41.421] [rz] [info] CRzCamyAudioDevice::SetMasterSampleRate no need to update sampleRate as 48000 is the same as current one.
[2026-07-08 14:32:41.421] [rz] [info] CCamyDevice::SetMasterSampleRate =><=
[2026-07-08 14:32:41.421] [rz] [info] CRzCamyAudioDevice::GetMode Current Mode: Basic
[2026-07-08 14:32:41.421] [rz] [info] CamyNative::SetMasterSampleRate uSampleRate: 48000 take: 0ms result: true
[2026-07-08 15:37:25.315] [rz] [info] CamyNative::DeviceTerminate containerId: {6AAC826E-DACA-5976-A233-9A3F6F75C061} device removed.
[2026-07-08 15:37:25.316] [rz] [info] CCamyDevice::~CCamyDevice =>
[2026-07-08 15:37:25.317] [rz] [info] CCamyDevice::DisconnectDevice Disconnect done
[2026-07-08 15:37:25.317] [rz] [info] CCamyDevice::~CCamyDevice =><=
[2026-07-08 15:37:25.317] [rz] [info] Releasing Windows Audio Controls...
[2026-07-08 18:59:00.640] [rz] [info] => DLL_PROCESS_DETACH =>
[2026-07-08 18:59:00.640] [rz] [info] CCamyDevicesManager::~CCamyDevicesManager =>
[2026-07-08 18:59:00.640] [rz] [info] CCamyDevicesManager::~CCamyDevicesManager =><=
[2026-07-08 18:59:00.640] [rz] [info] CThreadExecutor::~CThreadExecutor =>
[2026-07-08 18:59:00.640] [rz] [info] CThreadExecutor::~CThreadExecutor =><=
[2026-07-08 18:59:00.640] [rz] [info] => DLL_PROCESS_DETACH =><=
[2026-07-09 11:33:32.619] [rz] [info] => DLL_PROCESS_ATTACH
[2026-07-09 11:33:32.620] [rz] [info] DLL version: 1.0.12.0
[2026-07-09 11:33:32.621] [rz] [info] CThreadExecutor::RunThread =>
[2026-07-09 11:33:32.668] [rz] [info] TUsbAudio Info:
[2026-07-09 11:33:32.668] [rz] [info] 	 DeviceOutput: 3
[2026-07-09 11:33:32.668] [rz] [info] CRzCamyAudioDevice::AddIODevice Adding : Device_HP, Pin: 5, StartChannel: 0, NumChannel: 2
[2026-07-09 11:33:32.668] [rz] [info] 	 Volume Info - Device_HP: Min: -16384, Max: 0, Step: 1 FU: 3
[2026-07-09 11:33:32.668] [rz] [info] 	 AppRecording: 3
[2026-07-09 11:33:32.668] [rz] [info] CRzCamyAudioDevice::AddIODevice Adding : Microphone, Pin: 4, StartChannel: 0, NumChannel: 1
[2026-07-09 11:33:32.668] [rz] [info] 	 AppRecordingVirtual: 4
[2026-07-09 11:33:32.668] [rz] [info] CRzCamyAudioDevice::AddIODevice Adding : StreamMix, Pin: 6, StartChannel: 0, NumChannel: 2
[2026-07-09 11:33:32.668] [rz] [info] CRzCamyAudioDevice::AddIODevice Adding : PlaybackMix, Pin: 6, StartChannel: 2, NumChannel: 2
[2026-07-09 11:33:32.668] [rz] [info] 	 AppPlayback: 3
[2026-07-09 11:33:32.668] [rz] [info] CRzCamyAudioDevice::AddIODevice Adding : Headphones, Pin: 0, StartChannel: 0, NumChannel: 2
[2026-07-09 11:33:32.668] [rz] [info] 	 DeviceInput: 3
[2026-07-09 11:33:32.668] [rz] [info] CRzCamyAudioDevice::AddIODevice Adding : Device_Mic, Pin: 1, StartChannel: 0, NumChannel: 1
[2026-07-09 11:33:32.668] [rz] [info] 	 Volume Info - Device_Mic: Min: 0, Max: 9216, Step: 1 FU: 7
[2026-07-09 11:33:32.668] [rz] [info] CRzCamyAudioDevice::AddIODevice Adding : Device_MicDry, Pin: 1, StartChannel: 1, NumChannel: 1
[2026-07-09 11:33:32.668] [rz] [info] 	 Volume Info - Device_MicDry: Min: 0, Max: 9216, Step: 1 FU: 7
[2026-07-09 11:33:32.668] [rz] [info] CRzCamyAudioDevice::AddIODevice Adding : Device_MicPostExp, Pin: 1, StartChannel: 2, NumChannel: 1
[2026-07-09 11:33:32.668] [rz] [info] 	 Volume Info - Device_MicPostExp: Min: 0, Max: 9216, Step: 1 FU: 7
[2026-07-09 11:33:32.668] [rz] [info] 	 AppPlaybackVirtual: 18
[2026-07-09 11:33:32.668] [rz] [info] CRzCamyAudioDevice::AddIODevice Adding : System, Pin: 2, StartChannel: 0, NumChannel: 2
[2026-07-09 11:33:32.668] [rz] [info] CRzCamyAudioDevice::AddIODevice Adding : Music, Pin: 2, StartChannel: 2, NumChannel: 2
[2026-07-09 11:33:32.668] [rz] [info] CRzCamyAudioDevice::AddIODevice Adding : Game, Pin: 2, StartChannel: 4, NumChannel: 2
[2026-07-09 11:33:32.668] [rz] [info] CRzCamyAudioDevice::AddIODevice Adding : VoiceChat, Pin: 2, StartChannel: 6, NumChannel: 2
[2026-07-09 11:33:32.668] [rz] [info] CRzCamyAudioDevice::AddIODevice Adding : Browser, Pin: 2, StartChannel: 8, NumChannel: 2
[2026-07-09 11:33:32.668] [rz] [info] CRzCamyAudioDevice::AddIODevice Adding : SoundEffects, Pin: 2, StartChannel: 10, NumChannel: 2
[2026-07-09 11:33:32.668] [rz] [info] CRzCamyAudioDevice::AddIODevice Adding : Aux1, Pin: 2, StartChannel: 12, NumChannel: 2
[2026-07-09 11:33:32.668] [rz] [info] CRzCamyAudioDevice::AddIODevice Adding : Aux2, Pin: 2, StartChannel: 14, NumChannel: 2
[2026-07-09 11:33:32.668] [rz] [info] CRzCamyAudioDevice::AddIODevice Adding : Aux3, Pin: 2, StartChannel: 16, NumChannel: 2
[2026-07-09 11:33:32.669] [rz] [info] CRzCamyAudioDevice::GetMode Current Mode: Basic
[2026-07-09 11:33:32.669] [rz] [info] Acquiring Windows Audio Controls...
[2026-07-09 11:33:32.670] [rz] [info] CRzCamyAudioDevice::GetEndpoint Microphone is mismatched with: Service (Do not use) (2- Razer Seiren V3 Pro) 
[2026-07-09 11:33:32.671] [rz] [info] CRzCamyAudioDevice::GetEndpoint Microphone found
[2026-07-09 11:33:32.673] [rz] [info] CRzCamyAudioDevice::GetEndpoint Service found
[2026-07-09 11:33:32.675] [rz] [info] CRzCamyAudioDevice::GetEndpoint Headphones found
[2026-07-09 11:33:32.676] [rz] [info] CRzCamyAudioDevice::AcquireWindowsAudioControls acquire MicVolume and HPVolume successfully
[2026-07-09 11:33:32.676] [rz] [info] CRzCamyAudioDevice::AcquireWindowsAudioControls Done.
[2026-07-09 11:33:32.676] [rz] [info] CamyNative::DeviceInitialize containerId: {6AAC826E-DACA-5976-A233-9A3F6F75C061} r: true.
[2026-07-09 11:33:32.734] [rz] [info] CRzCamyAudioDevice::GetMode Current Mode: Basic
[2026-07-09 11:33:32.734] [rz] [info] CamyNative::GetMode containerId: {6AAC826E-DACA-5976-A233-9A3F6F75C061} result: 0
[2026-07-09 11:33:32.735] [rz] [info] CamyNative::SetLevelMeterEnable bEnable: 1 result: true
[2026-07-09 11:33:33.519] [rz] [info] CCamyDevice::SetMasterSampleRate =>
[2026-07-09 11:33:33.520] [rz] [info] CRzCamyAudioDevice::SetMasterSampleRate no need to update sampleRate as 48000 is the same as current one.
[2026-07-09 11:33:33.520] [rz] [info] CCamyDevice::SetMasterSampleRate =><=
[2026-07-09 11:33:33.520] [rz] [info] CRzCamyAudioDevice::GetMode Current Mode: Basic
[2026-07-09 11:33:33.520] [rz] [info] CamyNative::SetMasterSampleRate uSampleRate: 48000 take: 0ms result: true
[2026-07-09 11:33:33.534] [rz] [info] CamyNative::GetDeviceVolume Device_HP - uLevel: 100
[2026-07-09 11:33:33.535] [rz] [info] CamyNative::GetDeviceMute Device_HP - bMuted: false
[2026-07-09 11:33:33.536] [rz] [info] CamyNative::GetDeviceVolume Device_Mic - uLevel: 100
[2026-07-09 11:33:33.536] [rz] [info] CamyNative::GetDeviceMute Device_Mic - bMuted: false
[2026-07-09 11:33:33.610] [rz] [info] CamyNative::GetDeviceVolume Device_HP - uLevel: 100
[2026-07-09 11:33:33.611] [rz] [info] CamyNative::GetDeviceMute Device_HP - bMuted: false
[2026-07-09 11:33:33.611] [rz] [info] CamyNative::GetDeviceVolume Device_Mic - uLevel: 100
[2026-07-09 11:33:33.612] [rz] [info] CamyNative::GetDeviceMute Device_Mic - bMuted: false
[2026-07-09 11:33:34.198] [rz] [info] CCamyDevice::SetMasterSampleRate =>
[2026-07-09 11:33:34.199] [rz] [info] CRzCamyAudioDevice::SetMasterSampleRate no need to update sampleRate as 48000 is the same as current one.
[2026-07-09 11:33:34.199] [rz] [info] CCamyDevice::SetMasterSampleRate =><=
[2026-07-09 11:33:34.199] [rz] [info] CRzCamyAudioDevice::GetMode Current Mode: Basic
[2026-07-09 11:33:34.199] [rz] [info] CamyNative::SetMasterSampleRate uSampleRate: 48000 take: 0ms result: true
[2026-07-09 14:03:12.319] [rz] [info] CamyNative::DeviceTerminate containerId: {6AAC826E-DACA-5976-A233-9A3F6F75C061} device removed.
[2026-07-09 14:03:12.319] [rz] [info] CCamyDevice::~CCamyDevice =>
[2026-07-09 14:03:12.320] [rz] [info] CCamyDevice::DisconnectDevice Disconnect done
[2026-07-09 14:03:12.320] [rz] [info] CCamyDevice::~CCamyDevice =><=
[2026-07-09 14:03:12.320] [rz] [info] Releasing Windows Audio Controls...
[2026-07-09 14:03:12.907] [rz] [info] => DLL_PROCESS_DETACH =>
[2026-07-09 14:03:12.907] [rz] [info] CCamyDevicesManager::~CCamyDevicesManager =>
[2026-07-09 14:03:12.907] [rz] [info] CCamyDevicesManager::~CCamyDevicesManager =><=
[2026-07-09 14:03:12.907] [rz] [info] CThreadExecutor::~CThreadExecutor =>
[2026-07-09 14:03:12.907] [rz] [info] CThreadExecutor::~CThreadExecutor =><=
[2026-07-09 14:03:12.907] [rz] [info] => DLL_PROCESS_DETACH =><=
[2026-07-13 23:11:27.376] [rz] [info] => DLL_PROCESS_ATTACH
[2026-07-13 23:11:27.377] [rz] [info] DLL version: 1.0.12.0
[2026-07-13 23:11:27.377] [rz] [info] CThreadExecutor::RunThread =>
[2026-07-13 23:11:27.430] [rz] [info] TUsbAudio Info:
[2026-07-13 23:11:27.430] [rz] [info] 	 DeviceOutput: 3
[2026-07-13 23:11:27.430] [rz] [info] CRzCamyAudioDevice::AddIODevice Adding : Device_HP, Pin: 5, StartChannel: 0, NumChannel: 2
[2026-07-13 23:11:27.430] [rz] [info] 	 Volume Info - Device_HP: Min: -16384, Max: 0, Step: 1 FU: 3
[2026-07-13 23:11:27.430] [rz] [info] 	 AppRecording: 3
[2026-07-13 23:11:27.430] [rz] [info] CRzCamyAudioDevice::AddIODevice Adding : Microphone, Pin: 4, StartChannel: 0, NumChannel: 1
[2026-07-13 23:11:27.430] [rz] [info] 	 AppRecordingVirtual: 4
[2026-07-13 23:11:27.430] [rz] [info] CRzCamyAudioDevice::AddIODevice Adding : StreamMix, Pin: 6, StartChannel: 0, NumChannel: 2
[2026-07-13 23:11:27.430] [rz] [info] CRzCamyAudioDevice::AddIODevice Adding : PlaybackMix, Pin: 6, StartChannel: 2, NumChannel: 2
[2026-07-13 23:11:27.430] [rz] [info] 	 AppPlayback: 3
[2026-07-13 23:11:27.430] [rz] [info] CRzCamyAudioDevice::AddIODevice Adding : Headphones, Pin: 0, StartChannel: 0, NumChannel: 2
[2026-07-13 23:11:27.430] [rz] [info] 	 DeviceInput: 3
[2026-07-13 23:11:27.430] [rz] [info] CRzCamyAudioDevice::AddIODevice Adding : Device_Mic, Pin: 1, StartChannel: 0, NumChannel: 1
[2026-07-13 23:11:27.430] [rz] [info] 	 Volume Info - Device_Mic: Min: 0, Max: 9216, Step: 1 FU: 7
[2026-07-13 23:11:27.430] [rz] [info] CRzCamyAudioDevice::AddIODevice Adding : Device_MicDry, Pin: 1, StartChannel: 1, NumChannel: 1
[2026-07-13 23:11:27.430] [rz] [info] 	 Volume Info - Device_MicDry: Min: 0, Max: 9216, Step: 1 FU: 7
[2026-07-13 23:11:27.430] [rz] [info] CRzCamyAudioDevice::AddIODevice Adding : Device_MicPostExp, Pin: 1, StartChannel: 2, NumChannel: 1
[2026-07-13 23:11:27.430] [rz] [info] 	 Volume Info - Device_MicPostExp: Min: 0, Max: 9216, Step: 1 FU: 7
[2026-07-13 23:11:27.430] [rz] [info] 	 AppPlaybackVirtual: 18
[2026-07-13 23:11:27.430] [rz] [info] CRzCamyAudioDevice::AddIODevice Adding : System, Pin: 2, StartChannel: 0, NumChannel: 2
[2026-07-13 23:11:27.430] [rz] [info] CRzCamyAudioDevice::AddIODevice Adding : Music, Pin: 2, StartChannel: 2, NumChannel: 2
[2026-07-13 23:11:27.430] [rz] [info] CRzCamyAudioDevice::AddIODevice Adding : Game, Pin: 2, StartChannel: 4, NumChannel: 2
[2026-07-13 23:11:27.430] [rz] [info] CRzCamyAudioDevice::AddIODevice Adding : VoiceChat, Pin: 2, StartChannel: 6, NumChannel: 2
[2026-07-13 23:11:27.430] [rz] [info] CRzCamyAudioDevice::AddIODevice Adding : Browser, Pin: 2, StartChannel: 8, NumChannel: 2
[2026-07-13 23:11:27.430] [rz] [info] CRzCamyAudioDevice::AddIODevice Adding : SoundEffects, Pin: 2, StartChannel: 10, NumChannel: 2
[2026-07-13 23:11:27.430] [rz] [info] CRzCamyAudioDevice::AddIODevice Adding : Aux1, Pin: 2, StartChannel: 12, NumChannel: 2
[2026-07-13 23:11:27.430] [rz] [info] CRzCamyAudioDevice::AddIODevice Adding : Aux2, Pin: 2, StartChannel: 14, NumChannel: 2
[2026-07-13 23:11:27.430] [rz] [info] CRzCamyAudioDevice::AddIODevice Adding : Aux3, Pin: 2, StartChannel: 16, NumChannel: 2
[2026-07-13 23:11:27.430] [rz] [info] CRzCamyAudioDevice::GetMode Current Mode: Basic
[2026-07-13 23:11:27.430] [rz] [info] Acquiring Windows Audio Controls...
[2026-07-13 23:11:27.431] [rz] [info] CRzCamyAudioDevice::GetEndpoint Microphone is mismatched with: Service (Do not use) (2- Razer Seiren V3 Pro) 
[2026-07-13 23:11:27.432] [rz] [info] CRzCamyAudioDevice::GetEndpoint Microphone found
[2026-07-13 23:11:27.434] [rz] [info] CRzCamyAudioDevice::GetEndpoint Service found
[2026-07-13 23:11:27.437] [rz] [info] CRzCamyAudioDevice::GetEndpoint Headphones found
[2026-07-13 23:11:27.437] [rz] [info] CRzCamyAudioDevice::AcquireWindowsAudioControls acquire MicVolume and HPVolume successfully
[2026-07-13 23:11:27.437] [rz] [info] CRzCamyAudioDevice::AcquireWindowsAudioControls Done.
[2026-07-13 23:11:27.437] [rz] [info] CamyNative::DeviceInitialize containerId: {6AAC826E-DACA-5976-A233-9A3F6F75C061} r: true.
[2026-07-13 23:11:27.456] [rz] [info] CRzCamyAudioDevice::GetMode Current Mode: Basic
[2026-07-13 23:11:27.456] [rz] [info] CamyNative::GetMode containerId: {6AAC826E-DACA-5976-A233-9A3F6F75C061} result: 0
[2026-07-13 23:11:27.457] [rz] [info] CamyNative::SetLevelMeterEnable bEnable: 1 result: true
[2026-07-13 23:11:28.149] [rz] [info] CCamyDevice::SetMasterSampleRate =>
[2026-07-13 23:11:28.150] [rz] [info] CRzCamyAudioDevice::SetMasterSampleRate no need to update sampleRate as 48000 is the same as current one.
[2026-07-13 23:11:28.150] [rz] [info] CCamyDevice::SetMasterSampleRate =><=
[2026-07-13 23:11:28.150] [rz] [info] CRzCamyAudioDevice::GetMode Current Mode: Basic
[2026-07-13 23:11:28.150] [rz] [info] CamyNative::SetMasterSampleRate uSampleRate: 48000 take: 0ms result: true
[2026-07-13 23:11:28.160] [rz] [info] CamyNative::GetDeviceVolume Device_HP - uLevel: 100
[2026-07-13 23:11:28.161] [rz] [info] CamyNative::GetDeviceMute Device_HP - bMuted: false
[2026-07-13 23:11:28.161] [rz] [info] CamyNative::GetDeviceVolume Device_Mic - uLevel: 100
[2026-07-13 23:11:28.162] [rz] [info] CamyNative::GetDeviceMute Device_Mic - bMuted: false
[2026-07-13 23:11:28.226] [rz] [info] CamyNative::GetDeviceVolume Device_HP - uLevel: 100
[2026-07-13 23:11:28.227] [rz] [info] CamyNative::GetDeviceMute Device_HP - bMuted: false
[2026-07-13 23:11:28.228] [rz] [info] CamyNative::GetDeviceVolume Device_Mic - uLevel: 100
[2026-07-13 23:11:28.228] [rz] [info] CamyNative::GetDeviceMute Device_Mic - bMuted: false
[2026-07-13 23:11:28.806] [rz] [info] CCamyDevice::SetMasterSampleRate =>
[2026-07-13 23:11:28.806] [rz] [info] CRzCamyAudioDevice::SetMasterSampleRate no need to update sampleRate as 48000 is the same as current one.
[2026-07-13 23:11:28.806] [rz] [info] CCamyDevice::SetMasterSampleRate =><=
[2026-07-13 23:11:28.806] [rz] [info] CRzCamyAudioDevice::GetMode Current Mode: Basic
[2026-07-13 23:11:28.806] [rz] [info] CamyNative::SetMasterSampleRate uSampleRate: 48000 take: 0ms result: true
[2026-07-13 23:12:26.083] [rz] [info] CamyNative::DeviceTerminate containerId: {6AAC826E-DACA-5976-A233-9A3F6F75C061} device removed.
[2026-07-13 23:12:26.083] [rz] [info] CCamyDevice::~CCamyDevice =>
[2026-07-13 23:12:26.083] [rz] [info] CCamyDevice::DisconnectDevice Disconnect done
[2026-07-13 23:12:26.084] [rz] [info] CCamyDevice::~CCamyDevice =><=
[2026-07-13 23:12:26.084] [rz] [info] Releasing Windows Audio Controls...
[2026-07-13 23:12:36.917] [rz] [info] TUsbAudio Info:
[2026-07-13 23:12:36.917] [rz] [info] 	 DeviceOutput: 3
[2026-07-13 23:12:36.917] [rz] [info] CRzCamyAudioDevice::AddIODevice Adding : Device_HP, Pin: 5, StartChannel: 0, NumChannel: 2
[2026-07-13 23:12:36.917] [rz] [info] 	 Volume Info - Device_HP: Min: -16384, Max: 0, Step: 1 FU: 3
[2026-07-13 23:12:36.917] [rz] [info] 	 AppRecording: 3
[2026-07-13 23:12:36.917] [rz] [info] CRzCamyAudioDevice::AddIODevice Adding : Microphone, Pin: 4, StartChannel: 0, NumChannel: 1
[2026-07-13 23:12:36.917] [rz] [info] 	 AppRecordingVirtual: 4
[2026-07-13 23:12:36.917] [rz] [info] CRzCamyAudioDevice::AddIODevice Adding : StreamMix, Pin: 6, StartChannel: 0, NumChannel: 2
[2026-07-13 23:12:36.917] [rz] [info] CRzCamyAudioDevice::AddIODevice Adding : PlaybackMix, Pin: 6, StartChannel: 2, NumChannel: 2
[2026-07-13 23:12:36.918] [rz] [info] 	 AppPlayback: 3
[2026-07-13 23:12:36.918] [rz] [info] CRzCamyAudioDevice::AddIODevice Adding : Headphones, Pin: 0, StartChannel: 0, NumChannel: 2
[2026-07-13 23:12:36.918] [rz] [info] 	 DeviceInput: 3
[2026-07-13 23:12:36.918] [rz] [info] CRzCamyAudioDevice::AddIODevice Adding : Device_Mic, Pin: 1, StartChannel: 0, NumChannel: 1
[2026-07-13 23:12:36.918] [rz] [info] 	 Volume Info - Device_Mic: Min: 0, Max: 9216, Step: 1 FU: 7
[2026-07-13 23:12:36.918] [rz] [info] CRzCamyAudioDevice::AddIODevice Adding : Device_MicDry, Pin: 1, StartChannel: 1, NumChannel: 1
[2026-07-13 23:12:36.918] [rz] [info] 	 Volume Info - Device_MicDry: Min: 0, Max: 9216, Step: 1 FU: 7
[2026-07-13 23:12:36.918] [rz] [info] CRzCamyAudioDevice::AddIODevice Adding : Device_MicPostExp, Pin: 1, StartChannel: 2, NumChannel: 1
[2026-07-13 23:12:36.918] [rz] [info] 	 Volume Info - Device_MicPostExp: Min: 0, Max: 9216, Step: 1 FU: 7
[2026-07-13 23:12:36.918] [rz] [info] 	 AppPlaybackVirtual: 18
[2026-07-13 23:12:36.918] [rz] [info] CRzCamyAudioDevice::AddIODevice Adding : System, Pin: 2, StartChannel: 0, NumChannel: 2
[2026-07-13 23:12:36.918] [rz] [info] CRzCamyAudioDevice::AddIODevice Adding : Music, Pin: 2, StartChannel: 2, NumChannel: 2
[2026-07-13 23:12:36.918] [rz] [info] CRzCamyAudioDevice::AddIODevice Adding : Game, Pin: 2, StartChannel: 4, NumChannel: 2
[2026-07-13 23:12:36.918] [rz] [info] CRzCamyAudioDevice::AddIODevice Adding : VoiceChat, Pin: 2, StartChannel: 6, NumChannel: 2
[2026-07-13 23:12:36.918] [rz] [info] CRzCamyAudioDevice::AddIODevice Adding : Browser, Pin: 2, StartChannel: 8, NumChannel: 2
[2026-07-13 23:12:36.918] [rz] [info] CRzCamyAudioDevice::AddIODevice Adding : SoundEffects, Pin: 2, StartChannel: 10, NumChannel: 2
[2026-07-13 23:12:36.918] [rz] [info] CRzCamyAudioDevice::AddIODevice Adding : Aux1, Pin: 2, StartChannel: 12, NumChannel: 2
[2026-07-13 23:12:36.918] [rz] [info] CRzCamyAudioDevice::AddIODevice Adding : Aux2, Pin: 2, StartChannel: 14, NumChannel: 2
[2026-07-13 23:12:36.918] [rz] [info] CRzCamyAudioDevice::AddIODevice Adding : Aux3, Pin: 2, StartChannel: 16, NumChannel: 2
[2026-07-13 23:12:36.918] [rz] [info] CRzCamyAudioDevice::GetMode Current Mode: Basic
[2026-07-13 23:12:36.918] [rz] [info] Acquiring Windows Audio Controls...
[2026-07-13 23:12:36.918] [rz] [info] CRzCamyAudioDevice::GetEndpoint Microphone is mismatched with: Service (Do not use) (2- Razer Seiren V3 Pro) 
[2026-07-13 23:12:36.918] [rz] [info] CRzCamyAudioDevice::GetEndpoint Microphone found
[2026-07-13 23:12:36.919] [rz] [info] CRzCamyAudioDevice::GetEndpoint Service found
[2026-07-13 23:12:36.920] [rz] [info] CRzCamyAudioDevice::GetEndpoint Headphones found
[2026-07-13 23:12:36.920] [rz] [info] CRzCamyAudioDevice::AcquireWindowsAudioControls acquire MicVolume and HPVolume successfully
[2026-07-13 23:12:36.920] [rz] [info] CRzCamyAudioDevice::AcquireWindowsAudioControls Done.
[2026-07-13 23:12:36.921] [rz] [info] CamyNative::DeviceInitialize containerId: {6AAC826E-DACA-5976-A233-9A3F6F75C061} r: true.
[2026-07-13 23:12:36.925] [rz] [info] CRzCamyAudioDevice::GetMode Current Mode: Basic
[2026-07-13 23:12:36.925] [rz] [info] CamyNative::GetMode containerId: {6AAC826E-DACA-5976-A233-9A3F6F75C061} result: 0
[2026-07-13 23:12:36.926] [rz] [info] CamyNative::SetLevelMeterEnable bEnable: 1 result: true
[2026-07-13 23:12:37.721] [rz] [info] CCamyDevice::SetMasterSampleRate =>
[2026-07-13 23:12:37.721] [rz] [info] CRzCamyAudioDevice::SetMasterSampleRate no need to update sampleRate as 48000 is the same as current one.
[2026-07-13 23:12:37.721] [rz] [info] CCamyDevice::SetMasterSampleRate =><=
[2026-07-13 23:12:37.722] [rz] [info] CRzCamyAudioDevice::GetMode Current Mode: Basic
[2026-07-13 23:12:37.722] [rz] [info] CamyNative::SetMasterSampleRate uSampleRate: 48000 take: 0ms result: true
[2026-07-13 23:12:37.730] [rz] [info] CamyNative::GetDeviceVolume Device_HP - uLevel: 100
[2026-07-13 23:12:37.731] [rz] [info] CamyNative::GetDeviceMute Device_HP - bMuted: false
[2026-07-13 23:12:37.732] [rz] [info] CamyNative::GetDeviceVolume Device_Mic - uLevel: 100
[2026-07-13 23:12:37.732] [rz] [info] CamyNative::GetDeviceMute Device_Mic - bMuted: false
[2026-07-13 23:12:37.795] [rz] [info] CamyNative::GetDeviceVolume Device_HP - uLevel: 100
[2026-07-13 23:12:37.796] [rz] [info] CamyNative::GetDeviceMute Device_HP - bMuted: false
[2026-07-13 23:12:37.797] [rz] [info] CamyNative::GetDeviceVolume Device_Mic - uLevel: 100
[2026-07-13 23:12:37.797] [rz] [info] CamyNative::GetDeviceMute Device_Mic - bMuted: false
[2026-07-13 23:12:38.402] [rz] [info] CCamyDevice::SetMasterSampleRate =>
[2026-07-13 23:12:38.402] [rz] [info] CRzCamyAudioDevice::SetMasterSampleRate no need to update sampleRate as 48000 is the same as current one.
[2026-07-13 23:12:38.402] [rz] [info] CCamyDevice::SetMasterSampleRate =><=
[2026-07-13 23:12:38.402] [rz] [info] CRzCamyAudioDevice::GetMode Current Mode: Basic
[2026-07-13 23:12:38.402] [rz] [info] CamyNative::SetMasterSampleRate uSampleRate: 48000 take: 0ms result: true
[2026-07-14 00:19:15.210] [rz] [info] CamyNative::DeviceTerminate containerId: {6AAC826E-DACA-5976-A233-9A3F6F75C061} device removed.
[2026-07-14 00:19:15.212] [rz] [info] CCamyDevice::~CCamyDevice =>
[2026-07-14 00:19:15.214] [rz] [info] CCamyDevice::DisconnectDevice Disconnect done
[2026-07-14 00:19:15.214] [rz] [info] CCamyDevice::~CCamyDevice =><=
[2026-07-14 00:19:15.214] [rz] [info] Releasing Windows Audio Controls...
[2026-07-14 00:19:15.735] [rz] [info] => DLL_PROCESS_DETACH =>
[2026-07-14 00:19:15.735] [rz] [info] CCamyDevicesManager::~CCamyDevicesManager =>
[2026-07-14 00:19:15.735] [rz] [info] CCamyDevicesManager::~CCamyDevicesManager =><=
[2026-07-14 00:19:15.735] [rz] [info] CThreadExecutor::~CThreadExecutor =>
[2026-07-14 00:19:15.735] [rz] [info] CThreadExecutor::~CThreadExecutor =><=
[2026-07-14 00:19:15.735] [rz] [info] => DLL_PROCESS_DETACH =><=
[2026-07-14 16:29:23.230] [rz] [info] => DLL_PROCESS_ATTACH
[2026-07-14 16:29:23.230] [rz] [info] DLL version: 1.0.12.0
[2026-07-14 16:29:23.231] [rz] [info] CThreadExecutor::RunThread =>
[2026-07-14 16:29:23.312] [rz] [info] TUsbAudio Info:
[2026-07-14 16:29:23.312] [rz] [info] 	 DeviceOutput: 3
[2026-07-14 16:29:23.312] [rz] [info] CRzCamyAudioDevice::AddIODevice Adding : Device_HP, Pin: 5, StartChannel: 0, NumChannel: 2
[2026-07-14 16:29:23.312] [rz] [info] 	 Volume Info - Device_HP: Min: -16384, Max: 0, Step: 1 FU: 3
[2026-07-14 16:29:23.312] [rz] [info] 	 AppRecording: 3
[2026-07-14 16:29:23.312] [rz] [info] CRzCamyAudioDevice::AddIODevice Adding : Microphone, Pin: 4, StartChannel: 0, NumChannel: 1
[2026-07-14 16:29:23.312] [rz] [info] 	 AppRecordingVirtual: 4
[2026-07-14 16:29:23.312] [rz] [info] CRzCamyAudioDevice::AddIODevice Adding : StreamMix, Pin: 6, StartChannel: 0, NumChannel: 2
[2026-07-14 16:29:23.312] [rz] [info] CRzCamyAudioDevice::AddIODevice Adding : PlaybackMix, Pin: 6, StartChannel: 2, NumChannel: 2
[2026-07-14 16:29:23.312] [rz] [info] 	 AppPlayback: 3
[2026-07-14 16:29:23.312] [rz] [info] CRzCamyAudioDevice::AddIODevice Adding : Headphones, Pin: 0, StartChannel: 0, NumChannel: 2
[2026-07-14 16:29:23.312] [rz] [info] 	 DeviceInput: 3
[2026-07-14 16:29:23.312] [rz] [info] CRzCamyAudioDevice::AddIODevice Adding : Device_Mic, Pin: 1, StartChannel: 0, NumChannel: 1
[2026-07-14 16:29:23.312] [rz] [info] 	 Volume Info - Device_Mic: Min: 0, Max: 9216, Step: 1 FU: 7
[2026-07-14 16:29:23.312] [rz] [info] CRzCamyAudioDevice::AddIODevice Adding : Device_MicDry, Pin: 1, StartChannel: 1, NumChannel: 1
[2026-07-14 16:29:23.312] [rz] [info] 	 Volume Info - Device_MicDry: Min: 0, Max: 9216, Step: 1 FU: 7
[2026-07-14 16:29:23.312] [rz] [info] CRzCamyAudioDevice::AddIODevice Adding : Device_MicPostExp, Pin: 1, StartChannel: 2, NumChannel: 1
[2026-07-14 16:29:23.312] [rz] [info] 	 Volume Info - Device_MicPostExp: Min: 0, Max: 9216, Step: 1 FU: 7
[2026-07-14 16:29:23.312] [rz] [info] 	 AppPlaybackVirtual: 18
[2026-07-14 16:29:23.312] [rz] [info] CRzCamyAudioDevice::AddIODevice Adding : System, Pin: 2, StartChannel: 0, NumChannel: 2
[2026-07-14 16:29:23.312] [rz] [info] CRzCamyAudioDevice::AddIODevice Adding : Music, Pin: 2, StartChannel: 2, NumChannel: 2
[2026-07-14 16:29:23.312] [rz] [info] CRzCamyAudioDevice::AddIODevice Adding : Game, Pin: 2, StartChannel: 4, NumChannel: 2
[2026-07-14 16:29:23.312] [rz] [info] CRzCamyAudioDevice::AddIODevice Adding : VoiceChat, Pin: 2, StartChannel: 6, NumChannel: 2
[2026-07-14 16:29:23.312] [rz] [info] CRzCamyAudioDevice::AddIODevice Adding : Browser, Pin: 2, StartChannel: 8, NumChannel: 2
[2026-07-14 16:29:23.312] [rz] [info] CRzCamyAudioDevice::AddIODevice Adding : SoundEffects, Pin: 2, StartChannel: 10, NumChannel: 2
[2026-07-14 16:29:23.312] [rz] [info] CRzCamyAudioDevice::AddIODevice Adding : Aux1, Pin: 2, StartChannel: 12, NumChannel: 2
[2026-07-14 16:29:23.312] [rz] [info] CRzCamyAudioDevice::AddIODevice Adding : Aux2, Pin: 2, StartChannel: 14, NumChannel: 2
[2026-07-14 16:29:23.312] [rz] [info] CRzCamyAudioDevice::AddIODevice Adding : Aux3, Pin: 2, StartChannel: 16, NumChannel: 2
[2026-07-14 16:29:23.312] [rz] [info] CRzCamyAudioDevice::GetMode Current Mode: Basic
[2026-07-14 16:29:23.312] [rz] [info] Acquiring Windows Audio Controls...
[2026-07-14 16:29:23.314] [rz] [info] CRzCamyAudioDevice::GetEndpoint Microphone is mismatched with: Service (Do not use) (2- Razer Seiren V3 Pro) 
[2026-07-14 16:29:23.315] [rz] [info] CRzCamyAudioDevice::GetEndpoint Microphone found
[2026-07-14 16:29:23.317] [rz] [info] CRzCamyAudioDevice::GetEndpoint Service found
[2026-07-14 16:29:23.319] [rz] [info] CRzCamyAudioDevice::GetEndpoint Headphones found
[2026-07-14 16:29:23.320] [rz] [info] CRzCamyAudioDevice::AcquireWindowsAudioControls acquire MicVolume and HPVolume successfully
[2026-07-14 16:29:23.321] [rz] [info] CRzCamyAudioDevice::AcquireWindowsAudioControls Done.
[2026-07-14 16:29:23.321] [rz] [info] CamyNative::DeviceInitialize containerId: {6AAC826E-DACA-5976-A233-9A3F6F75C061} r: true.
[2026-07-14 16:29:23.425] [rz] [info] CRzCamyAudioDevice::GetMode Current Mode: Basic
[2026-07-14 16:29:23.425] [rz] [info] CamyNative::GetMode containerId: {6AAC826E-DACA-5976-A233-9A3F6F75C061} result: 0
[2026-07-14 16:29:23.427] [rz] [info] CamyNative::SetLevelMeterEnable bEnable: 1 result: true
[2026-07-14 16:29:24.633] [rz] [info] CCamyDevice::SetMasterSampleRate =>
[2026-07-14 16:29:24.633] [rz] [info] CRzCamyAudioDevice::SetMasterSampleRate no need to update sampleRate as 48000 is the same as current one.
[2026-07-14 16:29:24.634] [rz] [info] CCamyDevice::SetMasterSampleRate =><=
[2026-07-14 16:29:24.634] [rz] [info] CRzCamyAudioDevice::GetMode Current Mode: Basic
[2026-07-14 16:29:24.634] [rz] [info] CamyNative::SetMasterSampleRate uSampleRate: 48000 take: 0ms result: true
[2026-07-14 16:29:24.645] [rz] [info] CamyNative::GetDeviceVolume Device_HP - uLevel: 100
[2026-07-14 16:29:24.647] [rz] [info] CamyNative::GetDeviceMute Device_HP - bMuted: false
[2026-07-14 16:29:24.648] [rz] [info] CamyNative::GetDeviceVolume Device_Mic - uLevel: 100
[2026-07-14 16:29:24.649] [rz] [info] CamyNative::GetDeviceMute Device_Mic - bMuted: false
[2026-07-14 16:29:24.734] [rz] [info] CamyNative::GetDeviceVolume Device_HP - uLevel: 100
[2026-07-14 16:29:24.736] [rz] [info] CamyNative::GetDeviceMute Device_HP - bMuted: false
[2026-07-14 16:29:24.737] [rz] [info] CamyNative::GetDeviceVolume Device_Mic - uLevel: 100
[2026-07-14 16:29:24.739] [rz] [info] CamyNative::GetDeviceMute Device_Mic - bMuted: false
[2026-07-14 16:29:25.528] [rz] [info] CCamyDevice::SetMasterSampleRate =>
[2026-07-14 16:29:25.528] [rz] [info] CRzCamyAudioDevice::SetMasterSampleRate no need to update sampleRate as 48000 is the same as current one.
[2026-07-14 16:29:25.528] [rz] [info] CCamyDevice::SetMasterSampleRate =><=
[2026-07-14 16:29:25.529] [rz] [info] CRzCamyAudioDevice::GetMode Current Mode: Basic
[2026-07-14 16:29:25.529] [rz] [info] CamyNative::SetMasterSampleRate uSampleRate: 48000 take: 0ms result: true
[2026-07-14 16:43:07.191] [rz] [info] CamyNative::DeviceTerminate containerId: {6AAC826E-DACA-5976-A233-9A3F6F75C061} device removed.
[2026-07-14 16:43:07.191] [rz] [info] CCamyDevice::~CCamyDevice =>
[2026-07-14 16:43:07.192] [rz] [info] CCamyDevice::DisconnectDevice Disconnect done
[2026-07-14 16:43:07.192] [rz] [info] CCamyDevice::~CCamyDevice =><=
[2026-07-14 16:43:07.192] [rz] [info] Releasing Windows Audio Controls...
[2026-07-14 16:43:07.720] [rz] [info] => DLL_PROCESS_DETACH =>
[2026-07-14 16:43:07.720] [rz] [info] CCamyDevicesManager::~CCamyDevicesManager =>
[2026-07-14 16:43:07.720] [rz] [info] CCamyDevicesManager::~CCamyDevicesManager =><=
[2026-07-14 16:43:07.720] [rz] [info] CThreadExecutor::~CThreadExecutor =>
[2026-07-14 16:43:07.720] [rz] [info] CThreadExecutor::~CThreadExecutor =><=
[2026-07-14 16:43:07.720] [rz] [info] => DLL_PROCESS_DETACH =><=
[2026-07-14 21:15:36.371] [rz] [info] => DLL_PROCESS_ATTACH
[2026-07-14 21:15:36.371] [rz] [info] DLL version: 1.0.12.0
[2026-07-14 21:15:36.373] [rz] [info] CThreadExecutor::RunThread =>
[2026-07-14 21:15:36.478] [rz] [info] TUsbAudio Info:
[2026-07-14 21:15:36.478] [rz] [info] 	 DeviceOutput: 3
[2026-07-14 21:15:36.479] [rz] [info] CRzCamyAudioDevice::AddIODevice Adding : Device_HP, Pin: 5, StartChannel: 0, NumChannel: 2
[2026-07-14 21:15:36.479] [rz] [info] 	 Volume Info - Device_HP: Min: -16384, Max: 0, Step: 1 FU: 3
[2026-07-14 21:15:36.479] [rz] [info] 	 AppRecording: 3
[2026-07-14 21:15:36.479] [rz] [info] CRzCamyAudioDevice::AddIODevice Adding : Microphone, Pin: 4, StartChannel: 0, NumChannel: 1
[2026-07-14 21:15:36.479] [rz] [info] 	 AppRecordingVirtual: 4
[2026-07-14 21:15:36.479] [rz] [info] CRzCamyAudioDevice::AddIODevice Adding : StreamMix, Pin: 6, StartChannel: 0, NumChannel: 2
[2026-07-14 21:15:36.479] [rz] [info] CRzCamyAudioDevice::AddIODevice Adding : PlaybackMix, Pin: 6, StartChannel: 2, NumChannel: 2
[2026-07-14 21:15:36.479] [rz] [info] 	 AppPlayback: 3
[2026-07-14 21:15:36.479] [rz] [info] CRzCamyAudioDevice::AddIODevice Adding : Headphones, Pin: 0, StartChannel: 0, NumChannel: 2
[2026-07-14 21:15:36.479] [rz] [info] 	 DeviceInput: 3
[2026-07-14 21:15:36.479] [rz] [info] CRzCamyAudioDevice::AddIODevice Adding : Device_Mic, Pin: 1, StartChannel: 0, NumChannel: 1
[2026-07-14 21:15:36.479] [rz] [info] 	 Volume Info - Device_Mic: Min: 0, Max: 9216, Step: 1 FU: 7
[2026-07-14 21:15:36.479] [rz] [info] CRzCamyAudioDevice::AddIODevice Adding : Device_MicDry, Pin: 1, StartChannel: 1, NumChannel: 1
[2026-07-14 21:15:36.479] [rz] [info] 	 Volume Info - Device_MicDry: Min: 0, Max: 9216, Step: 1 FU: 7
[2026-07-14 21:15:36.479] [rz] [info] CRzCamyAudioDevice::AddIODevice Adding : Device_MicPostExp, Pin: 1, StartChannel: 2, NumChannel: 1
[2026-07-14 21:15:36.479] [rz] [info] 	 Volume Info - Device_MicPostExp: Min: 0, Max: 9216, Step: 1 FU: 7
[2026-07-14 21:15:36.479] [rz] [info] 	 AppPlaybackVirtual: 18
[2026-07-14 21:15:36.479] [rz] [info] CRzCamyAudioDevice::AddIODevice Adding : System, Pin: 2, StartChannel: 0, NumChannel: 2
[2026-07-14 21:15:36.479] [rz] [info] CRzCamyAudioDevice::AddIODevice Adding : Music, Pin: 2, StartChannel: 2, NumChannel: 2
[2026-07-14 21:15:36.479] [rz] [info] CRzCamyAudioDevice::AddIODevice Adding : Game, Pin: 2, StartChannel: 4, NumChannel: 2
[2026-07-14 21:15:36.479] [rz] [info] CRzCamyAudioDevice::AddIODevice Adding : VoiceChat, Pin: 2, StartChannel: 6, NumChannel: 2
[2026-07-14 21:15:36.479] [rz] [info] CRzCamyAudioDevice::AddIODevice Adding : Browser, Pin: 2, StartChannel: 8, NumChannel: 2
[2026-07-14 21:15:36.479] [rz] [info] CRzCamyAudioDevice::AddIODevice Adding : SoundEffects, Pin: 2, StartChannel: 10, NumChannel: 2
[2026-07-14 21:15:36.479] [rz] [info] CRzCamyAudioDevice::AddIODevice Adding : Aux1, Pin: 2, StartChannel: 12, NumChannel: 2
[2026-07-14 21:15:36.479] [rz] [info] CRzCamyAudioDevice::AddIODevice Adding : Aux2, Pin: 2, StartChannel: 14, NumChannel: 2
[2026-07-14 21:15:36.479] [rz] [info] CRzCamyAudioDevice::AddIODevice Adding : Aux3, Pin: 2, StartChannel: 16, NumChannel: 2
[2026-07-14 21:15:36.479] [rz] [info] CRzCamyAudioDevice::GetMode Current Mode: Basic
[2026-07-14 21:15:36.479] [rz] [info] Acquiring Windows Audio Controls...
[2026-07-14 21:15:36.481] [rz] [info] CRzCamyAudioDevice::GetEndpoint Microphone is mismatched with: Service (Do not use) (2- Razer Seiren V3 Pro) 
[2026-07-14 21:15:36.481] [rz] [info] CRzCamyAudioDevice::GetEndpoint Microphone found
[2026-07-14 21:15:36.483] [rz] [info] CRzCamyAudioDevice::GetEndpoint Service found
[2026-07-14 21:15:36.486] [rz] [info] CRzCamyAudioDevice::GetEndpoint Headphones found
[2026-07-14 21:15:36.486] [rz] [info] CRzCamyAudioDevice::AcquireWindowsAudioControls acquire MicVolume and HPVolume successfully
[2026-07-14 21:15:36.486] [rz] [info] CRzCamyAudioDevice::AcquireWindowsAudioControls Done.
[2026-07-14 21:15:36.486] [rz] [info] CamyNative::DeviceInitialize containerId: {6AAC826E-DACA-5976-A233-9A3F6F75C061} r: true.
[2026-07-14 21:15:36.643] [rz] [info] CRzCamyAudioDevice::GetMode Current Mode: Basic
[2026-07-14 21:15:36.643] [rz] [info] CamyNative::GetMode containerId: {6AAC826E-DACA-5976-A233-9A3F6F75C061} result: 0
[2026-07-14 21:15:36.644] [rz] [info] CamyNative::SetLevelMeterEnable bEnable: 1 result: true
[2026-07-14 21:15:37.513] [rz] [info] CCamyDevice::SetMasterSampleRate =>
[2026-07-14 21:15:37.513] [rz] [info] CRzCamyAudioDevice::SetMasterSampleRate no need to update sampleRate as 48000 is the same as current one.
[2026-07-14 21:15:37.513] [rz] [info] CCamyDevice::SetMasterSampleRate =><=
[2026-07-14 21:15:37.513] [rz] [info] CRzCamyAudioDevice::GetMode Current Mode: Basic
[2026-07-14 21:15:37.513] [rz] [info] CamyNative::SetMasterSampleRate uSampleRate: 48000 take: 0ms result: true
[2026-07-14 21:15:37.522] [rz] [info] CamyNative::GetDeviceVolume Device_HP - uLevel: 100
[2026-07-14 21:15:37.523] [rz] [info] CamyNative::GetDeviceMute Device_HP - bMuted: false
[2026-07-14 21:15:37.523] [rz] [info] CamyNative::GetDeviceVolume Device_Mic - uLevel: 100
[2026-07-14 21:15:37.524] [rz] [info] CamyNative::GetDeviceMute Device_Mic - bMuted: false
[2026-07-14 21:15:37.592] [rz] [info] CamyNative::GetDeviceVolume Device_HP - uLevel: 100
[2026-07-14 21:15:37.593] [rz] [info] CamyNative::GetDeviceMute Device_HP - bMuted: false
[2026-07-14 21:15:37.594] [rz] [info] CamyNative::GetDeviceVolume Device_Mic - uLevel: 100
[2026-07-14 21:15:37.595] [rz] [info] CamyNative::GetDeviceMute Device_Mic - bMuted: false
[2026-07-14 21:15:38.160] [rz] [info] CCamyDevice::SetMasterSampleRate =>
[2026-07-14 21:15:38.160] [rz] [info] CRzCamyAudioDevice::SetMasterSampleRate no need to update sampleRate as 48000 is the same as current one.
[2026-07-14 21:15:38.160] [rz] [info] CCamyDevice::SetMasterSampleRate =><=
[2026-07-14 21:15:38.160] [rz] [info] CRzCamyAudioDevice::GetMode Current Mode: Basic
[2026-07-14 21:15:38.160] [rz] [info] CamyNative::SetMasterSampleRate uSampleRate: 48000 take: 0ms result: true
[2026-07-14 22:49:56.825] [rz] [info] CamyNative::DeviceTerminate containerId: {6AAC826E-DACA-5976-A233-9A3F6F75C061} device removed.
[2026-07-14 22:49:56.826] [rz] [info] CCamyDevice::~CCamyDevice =>
[2026-07-14 22:49:56.826] [rz] [info] CCamyDevice::DisconnectDevice Disconnect done
[2026-07-14 22:49:56.826] [rz] [info] CCamyDevice::~CCamyDevice =><=
[2026-07-14 22:49:56.826] [rz] [info] Releasing Windows Audio Controls...
[2026-07-14 22:49:57.354] [rz] [info] => DLL_PROCESS_DETACH =>
[2026-07-14 22:49:57.354] [rz] [info] CCamyDevicesManager::~CCamyDevicesManager =>
[2026-07-14 22:49:57.354] [rz] [info] CCamyDevicesManager::~CCamyDevicesManager =><=
[2026-07-14 22:49:57.354] [rz] [info] CThreadExecutor::~CThreadExecutor =>
[2026-07-14 22:49:57.354] [rz] [info] CThreadExecutor::~CThreadExecutor =><=
[2026-07-14 22:49:57.354] [rz] [info] => DLL_PROCESS_DETACH =><=
[2026-07-15 13:13:52.972] [rz] [info] => DLL_PROCESS_ATTACH
[2026-07-15 13:13:52.972] [rz] [info] DLL version: 1.0.12.0
[2026-07-15 13:13:52.973] [rz] [info] CThreadExecutor::RunThread =>
[2026-07-15 13:13:53.037] [rz] [info] TUsbAudio Info:
[2026-07-15 13:13:53.037] [rz] [info] 	 DeviceOutput: 3
[2026-07-15 13:13:53.037] [rz] [info] CRzCamyAudioDevice::AddIODevice Adding : Device_HP, Pin: 5, StartChannel: 0, NumChannel: 2
[2026-07-15 13:13:53.037] [rz] [info] 	 Volume Info - Device_HP: Min: -16384, Max: 0, Step: 1 FU: 3
[2026-07-15 13:13:53.037] [rz] [info] 	 AppRecording: 3
[2026-07-15 13:13:53.037] [rz] [info] CRzCamyAudioDevice::AddIODevice Adding : Microphone, Pin: 4, StartChannel: 0, NumChannel: 1
[2026-07-15 13:13:53.037] [rz] [info] 	 AppRecordingVirtual: 4
[2026-07-15 13:13:53.037] [rz] [info] CRzCamyAudioDevice::AddIODevice Adding : StreamMix, Pin: 6, StartChannel: 0, NumChannel: 2
[2026-07-15 13:13:53.037] [rz] [info] CRzCamyAudioDevice::AddIODevice Adding : PlaybackMix, Pin: 6, StartChannel: 2, NumChannel: 2
[2026-07-15 13:13:53.037] [rz] [info] 	 AppPlayback: 3
[2026-07-15 13:13:53.037] [rz] [info] CRzCamyAudioDevice::AddIODevice Adding : Headphones, Pin: 0, StartChannel: 0, NumChannel: 2
[2026-07-15 13:13:53.037] [rz] [info] 	 DeviceInput: 3
[2026-07-15 13:13:53.037] [rz] [info] CRzCamyAudioDevice::AddIODevice Adding : Device_Mic, Pin: 1, StartChannel: 0, NumChannel: 1
[2026-07-15 13:13:53.037] [rz] [info] 	 Volume Info - Device_Mic: Min: 0, Max: 9216, Step: 1 FU: 7
[2026-07-15 13:13:53.037] [rz] [info] CRzCamyAudioDevice::AddIODevice Adding : Device_MicDry, Pin: 1, StartChannel: 1, NumChannel: 1
[2026-07-15 13:13:53.037] [rz] [info] 	 Volume Info - Device_MicDry: Min: 0, Max: 9216, Step: 1 FU: 7
[2026-07-15 13:13:53.037] [rz] [info] CRzCamyAudioDevice::AddIODevice Adding : Device_MicPostExp, Pin: 1, StartChannel: 2, NumChannel: 1
[2026-07-15 13:13:53.037] [rz] [info] 	 Volume Info - Device_MicPostExp: Min: 0, Max: 9216, Step: 1 FU: 7
[2026-07-15 13:13:53.037] [rz] [info] 	 AppPlaybackVirtual: 18
[2026-07-15 13:13:53.037] [rz] [info] CRzCamyAudioDevice::AddIODevice Adding : System, Pin: 2, StartChannel: 0, NumChannel: 2
[2026-07-15 13:13:53.037] [rz] [info] CRzCamyAudioDevice::AddIODevice Adding : Music, Pin: 2, StartChannel: 2, NumChannel: 2
[2026-07-15 13:13:53.037] [rz] [info] CRzCamyAudioDevice::AddIODevice Adding : Game, Pin: 2, StartChannel: 4, NumChannel: 2
[2026-07-15 13:13:53.037] [rz] [info] CRzCamyAudioDevice::AddIODevice Adding : VoiceChat, Pin: 2, StartChannel: 6, NumChannel: 2
[2026-07-15 13:13:53.037] [rz] [info] CRzCamyAudioDevice::AddIODevice Adding : Browser, Pin: 2, StartChannel: 8, NumChannel: 2
[2026-07-15 13:13:53.037] [rz] [info] CRzCamyAudioDevice::AddIODevice Adding : SoundEffects, Pin: 2, StartChannel: 10, NumChannel: 2
[2026-07-15 13:13:53.037] [rz] [info] CRzCamyAudioDevice::AddIODevice Adding : Aux1, Pin: 2, StartChannel: 12, NumChannel: 2
[2026-07-15 13:13:53.037] [rz] [info] CRzCamyAudioDevice::AddIODevice Adding : Aux2, Pin: 2, StartChannel: 14, NumChannel: 2
[2026-07-15 13:13:53.037] [rz] [info] CRzCamyAudioDevice::AddIODevice Adding : Aux3, Pin: 2, StartChannel: 16, NumChannel: 2
[2026-07-15 13:13:53.037] [rz] [info] CRzCamyAudioDevice::GetMode Current Mode: Basic
[2026-07-15 13:13:53.037] [rz] [info] Acquiring Windows Audio Controls...
[2026-07-15 13:13:53.039] [rz] [info] CRzCamyAudioDevice::GetEndpoint Microphone is mismatched with: Service (Do not use) (2- Razer Seiren V3 Pro) 
[2026-07-15 13:13:53.040] [rz] [info] CRzCamyAudioDevice::GetEndpoint Microphone found
[2026-07-15 13:13:53.042] [rz] [info] CRzCamyAudioDevice::GetEndpoint Service found
[2026-07-15 13:13:53.044] [rz] [info] CRzCamyAudioDevice::GetEndpoint Headphones found
[2026-07-15 13:13:53.045] [rz] [info] CRzCamyAudioDevice::AcquireWindowsAudioControls acquire MicVolume and HPVolume successfully
[2026-07-15 13:13:53.045] [rz] [info] CRzCamyAudioDevice::AcquireWindowsAudioControls Done.
[2026-07-15 13:13:53.045] [rz] [info] CamyNative::DeviceInitialize containerId: {6AAC826E-DACA-5976-A233-9A3F6F75C061} r: true.
[2026-07-15 13:13:53.131] [rz] [info] CRzCamyAudioDevice::GetMode Current Mode: Basic
[2026-07-15 13:13:53.131] [rz] [info] CamyNative::GetMode containerId: {6AAC826E-DACA-5976-A233-9A3F6F75C061} result: 0
[2026-07-15 13:13:53.132] [rz] [info] CamyNative::SetLevelMeterEnable bEnable: 1 result: true
[2026-07-15 13:13:53.795] [rz] [info] CCamyDevice::SetMasterSampleRate =>
[2026-07-15 13:13:53.795] [rz] [info] CRzCamyAudioDevice::SetMasterSampleRate no need to update sampleRate as 48000 is the same as current one.
[2026-07-15 13:13:53.795] [rz] [info] CCamyDevice::SetMasterSampleRate =><=
[2026-07-15 13:13:53.795] [rz] [info] CRzCamyAudioDevice::GetMode Current Mode: Basic
[2026-07-15 13:13:53.795] [rz] [info] CamyNative::SetMasterSampleRate uSampleRate: 48000 take: 0ms result: true
[2026-07-15 13:13:53.806] [rz] [info] CamyNative::GetDeviceVolume Device_HP - uLevel: 100
[2026-07-15 13:13:53.807] [rz] [info] CamyNative::GetDeviceMute Device_HP - bMuted: false
[2026-07-15 13:13:53.808] [rz] [info] CamyNative::GetDeviceVolume Device_Mic - uLevel: 100
[2026-07-15 13:13:53.809] [rz] [info] CamyNative::GetDeviceMute Device_Mic - bMuted: false
[2026-07-15 13:13:53.863] [rz] [info] CamyNative::GetDeviceVolume Device_HP - uLevel: 100
[2026-07-15 13:13:53.864] [rz] [info] CamyNative::GetDeviceMute Device_HP - bMuted: false
[2026-07-15 13:13:53.865] [rz] [info] CamyNative::GetDeviceVolume Device_Mic - uLevel: 100
[2026-07-15 13:13:53.866] [rz] [info] CamyNative::GetDeviceMute Device_Mic - bMuted: false
[2026-07-15 13:13:54.430] [rz] [info] CCamyDevice::SetMasterSampleRate =>
[2026-07-15 13:13:54.430] [rz] [info] CRzCamyAudioDevice::SetMasterSampleRate no need to update sampleRate as 48000 is the same as current one.
[2026-07-15 13:13:54.430] [rz] [info] CCamyDevice::SetMasterSampleRate =><=
[2026-07-15 13:13:54.431] [rz] [info] CRzCamyAudioDevice::GetMode Current Mode: Basic
[2026-07-15 13:13:54.431] [rz] [info] CamyNative::SetMasterSampleRate uSampleRate: 48000 take: 0ms result: true
[2026-07-15 13:38:46.755] [rz] [info] CRzCamyAudioDevice::UpdateMixerLevel [Device_HP, Device_Mic] - Level: 100, Mute: 0
[2026-07-15 13:38:46.755] [rz] [info] CRzCamyAudioDevice::SetMicMonitorLevel iLevel: 2560 ==> 0x0A00
[2026-07-15 13:38:46.756] [rz] [info] deviceCamyChanged : {"containerId":"{6AAC826E-DACA-5976-A233-9A3F6F75C061}","deviceId":262145,"event":"deviceCamyChanged","eventType":"deviceMute","level":100,"mute":1}
[2026-07-15 13:39:24.539] [rz] [info] CRzCamyAudioDevice::UpdateMixerLevel [Device_HP, Device_Mic] - Level: 100, Mute: 0
[2026-07-15 13:39:24.539] [rz] [info] CRzCamyAudioDevice::SetMicMonitorLevel iLevel: 2560 ==> 0x0A00
[2026-07-15 13:39:24.540] [rz] [info] deviceCamyChanged : {"containerId":"{6AAC826E-DACA-5976-A233-9A3F6F75C061}","deviceId":262145,"event":"deviceCamyChanged","eventType":"deviceMute","level":100,"mute":0}
[2026-07-15 13:49:23.495] [rz] [info] CamyNative::DeviceTerminate containerId: {6AAC826E-DACA-5976-A233-9A3F6F75C061} device removed.
[2026-07-15 13:49:23.498] [rz] [info] CCamyDevice::~CCamyDevice =>
[2026-07-15 13:49:23.498] [rz] [info] CCamyDevice::DisconnectDevice Disconnect done
[2026-07-15 13:49:23.498] [rz] [info] CCamyDevice::~CCamyDevice =><=
[2026-07-15 13:49:23.498] [rz] [info] Releasing Windows Audio Controls...
[2026-07-15 13:49:26.128] [rz] [info] TUsbAudio Info:
[2026-07-15 13:49:26.128] [rz] [info] 	 DeviceOutput: 3
[2026-07-15 13:49:26.128] [rz] [info] CRzCamyAudioDevice::AddIODevice Adding : Device_HP, Pin: 5, StartChannel: 0, NumChannel: 2
[2026-07-15 13:49:26.129] [rz] [info] 	 Volume Info - Device_HP: Min: -16384, Max: 0, Step: 1 FU: 3
[2026-07-15 13:49:26.129] [rz] [info] 	 AppRecording: 3
[2026-07-15 13:49:26.129] [rz] [info] CRzCamyAudioDevice::AddIODevice Adding : Microphone, Pin: 4, StartChannel: 0, NumChannel: 1
[2026-07-15 13:49:26.129] [rz] [info] 	 AppRecordingVirtual: 4
[2026-07-15 13:49:26.129] [rz] [info] CRzCamyAudioDevice::AddIODevice Adding : StreamMix, Pin: 6, StartChannel: 0, NumChannel: 2
[2026-07-15 13:49:26.129] [rz] [info] CRzCamyAudioDevice::AddIODevice Adding : PlaybackMix, Pin: 6, StartChannel: 2, NumChannel: 2
[2026-07-15 13:49:26.129] [rz] [info] 	 AppPlayback: 3
[2026-07-15 13:49:26.129] [rz] [info] CRzCamyAudioDevice::AddIODevice Adding : Headphones, Pin: 0, StartChannel: 0, NumChannel: 2
[2026-07-15 13:49:26.129] [rz] [info] 	 DeviceInput: 3
[2026-07-15 13:49:26.129] [rz] [info] CRzCamyAudioDevice::AddIODevice Adding : Device_Mic, Pin: 1, StartChannel: 0, NumChannel: 1
[2026-07-15 13:49:26.129] [rz] [info] 	 Volume Info - Device_Mic: Min: 0, Max: 9216, Step: 1 FU: 7
[2026-07-15 13:49:26.129] [rz] [info] CRzCamyAudioDevice::AddIODevice Adding : Device_MicDry, Pin: 1, StartChannel: 1, NumChannel: 1
[2026-07-15 13:49:26.129] [rz] [info] 	 Volume Info - Device_MicDry: Min: 0, Max: 9216, Step: 1 FU: 7
[2026-07-15 13:49:26.129] [rz] [info] CRzCamyAudioDevice::AddIODevice Adding : Device_MicPostExp, Pin: 1, StartChannel: 2, NumChannel: 1
[2026-07-15 13:49:26.129] [rz] [info] 	 Volume Info - Device_MicPostExp: Min: 0, Max: 9216, Step: 1 FU: 7
[2026-07-15 13:49:26.129] [rz] [info] 	 AppPlaybackVirtual: 18
[2026-07-15 13:49:26.129] [rz] [info] CRzCamyAudioDevice::AddIODevice Adding : System, Pin: 2, StartChannel: 0, NumChannel: 2
[2026-07-15 13:49:26.129] [rz] [info] CRzCamyAudioDevice::AddIODevice Adding : Music, Pin: 2, StartChannel: 2, NumChannel: 2
[2026-07-15 13:49:26.129] [rz] [info] CRzCamyAudioDevice::AddIODevice Adding : Game, Pin: 2, StartChannel: 4, NumChannel: 2
[2026-07-15 13:49:26.129] [rz] [info] CRzCamyAudioDevice::AddIODevice Adding : VoiceChat, Pin: 2, StartChannel: 6, NumChannel: 2
[2026-07-15 13:49:26.129] [rz] [info] CRzCamyAudioDevice::AddIODevice Adding : Browser, Pin: 2, StartChannel: 8, NumChannel: 2
[2026-07-15 13:49:26.129] [rz] [info] CRzCamyAudioDevice::AddIODevice Adding : SoundEffects, Pin: 2, StartChannel: 10, NumChannel: 2
[2026-07-15 13:49:26.129] [rz] [info] CRzCamyAudioDevice::AddIODevice Adding : Aux1, Pin: 2, StartChannel: 12, NumChannel: 2
[2026-07-15 13:49:26.129] [rz] [info] CRzCamyAudioDevice::AddIODevice Adding : Aux2, Pin: 2, StartChannel: 14, NumChannel: 2
[2026-07-15 13:49:26.129] [rz] [info] CRzCamyAudioDevice::AddIODevice Adding : Aux3, Pin: 2, StartChannel: 16, NumChannel: 2
[2026-07-15 13:49:26.129] [rz] [info] CRzCamyAudioDevice::GetMode Current Mode: Basic
[2026-07-15 13:49:26.129] [rz] [info] Acquiring Windows Audio Controls...
[2026-07-15 13:49:26.129] [rz] [error] CRzCamyAudioDevice::GetEndpoint bIsCapture: 1 deviceName: Microphone hr: 0x0 lasterror: 0
[2026-07-15 13:49:26.130] [rz] [error] CRzCamyAudioDevice::GetEndpoint bIsCapture: 1 deviceName: Service hr: 0x0 lasterror: 0
[2026-07-15 13:49:26.133] [rz] [error] CRzCamyAudioDevice::GetEndpoint bIsCapture: 0 deviceName: Headphones hr: 0x0 lasterror: 0
[2026-07-15 13:49:26.133] [rz] [error] CRzCamyAudioDevice::AcquireWindowsAudioControls Failed to Acquire. Retrying... !!!
[2026-07-15 13:49:27.134] [rz] [error] CRzCamyAudioDevice::GetEndpoint bIsCapture: 1 deviceName: Microphone hr: 0x0 lasterror: 0
[2026-07-15 13:49:27.135] [rz] [error] CRzCamyAudioDevice::GetEndpoint bIsCapture: 1 deviceName: Service hr: 0x0 lasterror: 0
[2026-07-15 13:49:27.136] [rz] [error] CRzCamyAudioDevice::GetEndpoint bIsCapture: 0 deviceName: Headphones hr: 0x0 lasterror: 0
[2026-07-15 13:49:27.136] [rz] [error] CRzCamyAudioDevice::AcquireWindowsAudioControls Failed to Acquire. Retrying... !!!
[2026-07-15 13:49:28.138] [rz] [info] CRzCamyAudioDevice::GetEndpoint Microphone is mismatched with: Service (Do not use) (2- Razer Seiren V3 Pro) 
[2026-07-15 13:49:28.139] [rz] [info] CRzCamyAudioDevice::GetEndpoint Microphone found
[2026-07-15 13:49:28.143] [rz] [info] CRzCamyAudioDevice::GetEndpoint Service found
[2026-07-15 13:49:28.147] [rz] [info] CRzCamyAudioDevice::GetEndpoint Headphones found
[2026-07-15 13:49:28.147] [rz] [info] CRzCamyAudioDevice::AcquireWindowsAudioControls acquire MicVolume and HPVolume successfully
[2026-07-15 13:49:28.147] [rz] [info] CRzCamyAudioDevice::AcquireWindowsAudioControls Done.
[2026-07-15 13:49:28.147] [rz] [info] CamyNative::DeviceInitialize containerId: {6AAC826E-DACA-5976-A233-9A3F6F75C061} r: true.
[2026-07-15 13:49:28.151] [rz] [info] CRzCamyAudioDevice::GetMode Current Mode: Basic
[2026-07-15 13:49:28.151] [rz] [info] CamyNative::GetMode containerId: {6AAC826E-DACA-5976-A233-9A3F6F75C061} result: 0
[2026-07-15 13:49:28.151] [rz] [info] CamyNative::SetLevelMeterEnable bEnable: 1 result: true
[2026-07-15 13:49:29.379] [rz] [info] CCamyDevice::SetMasterSampleRate =>
[2026-07-15 13:49:29.379] [rz] [info] CRzCamyAudioDevice::SetMasterSampleRate no need to update sampleRate as 48000 is the same as current one.
[2026-07-15 13:49:29.379] [rz] [info] CCamyDevice::SetMasterSampleRate =><=
[2026-07-15 13:49:29.379] [rz] [info] CRzCamyAudioDevice::GetMode Current Mode: Basic
[2026-07-15 13:49:29.379] [rz] [info] CamyNative::SetMasterSampleRate uSampleRate: 48000 take: 0ms result: true
[2026-07-15 13:49:29.397] [rz] [info] CamyNative::GetDeviceVolume Device_HP - uLevel: 100
[2026-07-15 13:49:29.398] [rz] [info] CamyNative::GetDeviceMute Device_HP - bMuted: false
[2026-07-15 13:49:29.398] [rz] [info] CamyNative::GetDeviceVolume Device_Mic - uLevel: 100
[2026-07-15 13:49:29.399] [rz] [info] CamyNative::GetDeviceMute Device_Mic - bMuted: false
[2026-07-15 13:49:29.475] [rz] [info] CamyNative::GetDeviceVolume Device_HP - uLevel: 100
[2026-07-15 13:49:29.476] [rz] [info] CamyNative::GetDeviceMute Device_HP - bMuted: false
[2026-07-15 13:49:29.476] [rz] [info] CamyNative::GetDeviceVolume Device_Mic - uLevel: 100
[2026-07-15 13:49:29.477] [rz] [info] CamyNative::GetDeviceMute Device_Mic - bMuted: false
[2026-07-15 13:49:29.654] [rz] [info] CamyNative::DeviceTerminate containerId: {6AAC826E-DACA-5976-A233-9A3F6F75C061} device removed.
[2026-07-15 13:49:29.654] [rz] [info] CCamyDevice::~CCamyDevice =>
[2026-07-15 13:49:29.655] [rz] [info] CCamyDevice::DisconnectDevice Disconnect done
[2026-07-15 13:49:29.655] [rz] [info] CCamyDevice::~CCamyDevice =><=
[2026-07-15 13:49:29.655] [rz] [info] Releasing Windows Audio Controls...
[2026-07-15 13:49:30.411] [rz] [info] => DLL_PROCESS_DETACH =>
[2026-07-15 13:49:30.411] [rz] [info] CCamyDevicesManager::~CCamyDevicesManager =>
[2026-07-15 13:49:30.411] [rz] [info] CCamyDevicesManager::~CCamyDevicesManager =><=
[2026-07-15 13:49:30.411] [rz] [info] CThreadExecutor::~CThreadExecutor =>
[2026-07-15 13:49:30.411] [rz] [info] CThreadExecutor::~CThreadExecutor =><=
[2026-07-15 13:49:30.411] [rz] [info] => DLL_PROCESS_DETACH =><=
[2026-07-15 19:58:42.481] [rz] [info] => DLL_PROCESS_ATTACH
[2026-07-15 19:58:42.481] [rz] [info] DLL version: 1.0.12.0
[2026-07-15 19:58:42.481] [rz] [info] CThreadExecutor::RunThread =>
[2026-07-15 19:58:42.535] [rz] [info] TUsbAudio Info:
[2026-07-15 19:58:42.535] [rz] [info] 	 DeviceOutput: 3
[2026-07-15 19:58:42.535] [rz] [info] CRzCamyAudioDevice::AddIODevice Adding : Device_HP, Pin: 5, StartChannel: 0, NumChannel: 2
[2026-07-15 19:58:42.535] [rz] [info] 	 Volume Info - Device_HP: Min: -16384, Max: 0, Step: 1 FU: 3
[2026-07-15 19:58:42.535] [rz] [info] 	 AppRecording: 3
[2026-07-15 19:58:42.535] [rz] [info] CRzCamyAudioDevice::AddIODevice Adding : Microphone, Pin: 4, StartChannel: 0, NumChannel: 1
[2026-07-15 19:58:42.535] [rz] [info] 	 AppRecordingVirtual: 4
[2026-07-15 19:58:42.535] [rz] [info] CRzCamyAudioDevice::AddIODevice Adding : StreamMix, Pin: 6, StartChannel: 0, NumChannel: 2
[2026-07-15 19:58:42.535] [rz] [info] CRzCamyAudioDevice::AddIODevice Adding : PlaybackMix, Pin: 6, StartChannel: 2, NumChannel: 2
[2026-07-15 19:58:42.535] [rz] [info] 	 AppPlayback: 3
[2026-07-15 19:58:42.535] [rz] [info] CRzCamyAudioDevice::AddIODevice Adding : Headphones, Pin: 0, StartChannel: 0, NumChannel: 2
[2026-07-15 19:58:42.535] [rz] [info] 	 DeviceInput: 3
[2026-07-15 19:58:42.535] [rz] [info] CRzCamyAudioDevice::AddIODevice Adding : Device_Mic, Pin: 1, StartChannel: 0, NumChannel: 1
[2026-07-15 19:58:42.535] [rz] [info] 	 Volume Info - Device_Mic: Min: 0, Max: 9216, Step: 1 FU: 7
[2026-07-15 19:58:42.535] [rz] [info] CRzCamyAudioDevice::AddIODevice Adding : Device_MicDry, Pin: 1, StartChannel: 1, NumChannel: 1
[2026-07-15 19:58:42.535] [rz] [info] 	 Volume Info - Device_MicDry: Min: 0, Max: 9216, Step: 1 FU: 7
[2026-07-15 19:58:42.535] [rz] [info] CRzCamyAudioDevice::AddIODevice Adding : Device_MicPostExp, Pin: 1, StartChannel: 2, NumChannel: 1
[2026-07-15 19:58:42.535] [rz] [info] 	 Volume Info - Device_MicPostExp: Min: 0, Max: 9216, Step: 1 FU: 7
[2026-07-15 19:58:42.535] [rz] [info] 	 AppPlaybackVirtual: 18
[2026-07-15 19:58:42.535] [rz] [info] CRzCamyAudioDevice::AddIODevice Adding : System, Pin: 2, StartChannel: 0, NumChannel: 2
[2026-07-15 19:58:42.535] [rz] [info] CRzCamyAudioDevice::AddIODevice Adding : Music, Pin: 2, StartChannel: 2, NumChannel: 2
[2026-07-15 19:58:42.535] [rz] [info] CRzCamyAudioDevice::AddIODevice Adding : Game, Pin: 2, StartChannel: 4, NumChannel: 2
[2026-07-15 19:58:42.535] [rz] [info] CRzCamyAudioDevice::AddIODevice Adding : VoiceChat, Pin: 2, StartChannel: 6, NumChannel: 2
[2026-07-15 19:58:42.535] [rz] [info] CRzCamyAudioDevice::AddIODevice Adding : Browser, Pin: 2, StartChannel: 8, NumChannel: 2
[2026-07-15 19:58:42.535] [rz] [info] CRzCamyAudioDevice::AddIODevice Adding : SoundEffects, Pin: 2, StartChannel: 10, NumChannel: 2
[2026-07-15 19:58:42.535] [rz] [info] CRzCamyAudioDevice::AddIODevice Adding : Aux1, Pin: 2, StartChannel: 12, NumChannel: 2
[2026-07-15 19:58:42.535] [rz] [info] CRzCamyAudioDevice::AddIODevice Adding : Aux2, Pin: 2, StartChannel: 14, NumChannel: 2
[2026-07-15 19:58:42.535] [rz] [info] CRzCamyAudioDevice::AddIODevice Adding : Aux3, Pin: 2, StartChannel: 16, NumChannel: 2
[2026-07-15 19:58:42.535] [rz] [info] CRzCamyAudioDevice::GetMode Current Mode: Basic
[2026-07-15 19:58:42.535] [rz] [info] Acquiring Windows Audio Controls...
[2026-07-15 19:58:42.536] [rz] [info] CRzCamyAudioDevice::GetEndpoint Microphone is mismatched with: Service (Do not use) (2- Razer Seiren V3 Pro) 
[2026-07-15 19:58:42.536] [rz] [info] CRzCamyAudioDevice::GetEndpoint Microphone found
[2026-07-15 19:58:42.538] [rz] [info] CRzCamyAudioDevice::GetEndpoint Service found
[2026-07-15 19:58:42.540] [rz] [info] CRzCamyAudioDevice::GetEndpoint Headphones found
[2026-07-15 19:58:42.541] [rz] [info] CRzCamyAudioDevice::AcquireWindowsAudioControls acquire MicVolume and HPVolume successfully
[2026-07-15 19:58:42.541] [rz] [info] CRzCamyAudioDevice::AcquireWindowsAudioControls Done.
[2026-07-15 19:58:42.541] [rz] [info] CamyNative::DeviceInitialize containerId: {6AAC826E-DACA-5976-A233-9A3F6F75C061} r: true.
[2026-07-15 19:58:42.629] [rz] [info] CRzCamyAudioDevice::GetMode Current Mode: Basic
[2026-07-15 19:58:42.629] [rz] [info] CamyNative::GetMode containerId: {6AAC826E-DACA-5976-A233-9A3F6F75C061} result: 0
[2026-07-15 19:58:42.630] [rz] [info] CamyNative::SetLevelMeterEnable bEnable: 1 result: true
[2026-07-15 19:58:43.890] [rz] [info] CCamyDevice::SetMasterSampleRate =>
[2026-07-15 19:58:43.890] [rz] [info] CRzCamyAudioDevice::SetMasterSampleRate no need to update sampleRate as 48000 is the same as current one.
[2026-07-15 19:58:43.890] [rz] [info] CCamyDevice::SetMasterSampleRate =><=
[2026-07-15 19:58:43.890] [rz] [info] CRzCamyAudioDevice::GetMode Current Mode: Basic
[2026-07-15 19:58:43.890] [rz] [info] CamyNative::SetMasterSampleRate uSampleRate: 48000 take: 0ms result: true
[2026-07-15 19:58:43.899] [rz] [info] CamyNative::GetDeviceVolume Device_HP - uLevel: 70
[2026-07-15 19:58:43.900] [rz] [info] CamyNative::GetDeviceMute Device_HP - bMuted: false
[2026-07-15 19:58:43.900] [rz] [info] CamyNative::GetDeviceVolume Device_Mic - uLevel: 100
[2026-07-15 19:58:43.901] [rz] [info] CamyNative::GetDeviceMute Device_Mic - bMuted: false
[2026-07-15 19:58:43.966] [rz] [info] CamyNative::GetDeviceVolume Device_HP - uLevel: 70
[2026-07-15 19:58:43.966] [rz] [info] CamyNative::GetDeviceMute Device_HP - bMuted: false
[2026-07-15 19:58:43.967] [rz] [info] CamyNative::GetDeviceVolume Device_Mic - uLevel: 100
[2026-07-15 19:58:43.967] [rz] [info] CamyNative::GetDeviceMute Device_Mic - bMuted: false
[2026-07-15 19:58:44.626] [rz] [info] CCamyDevice::SetMasterSampleRate =>
[2026-07-15 19:58:44.626] [rz] [info] CRzCamyAudioDevice::SetMasterSampleRate no need to update sampleRate as 48000 is the same as current one.
[2026-07-15 19:58:44.626] [rz] [info] CCamyDevice::SetMasterSampleRate =><=
[2026-07-15 19:58:44.626] [rz] [info] CRzCamyAudioDevice::GetMode Current Mode: Basic
[2026-07-15 19:58:44.626] [rz] [info] CamyNative::SetMasterSampleRate uSampleRate: 48000 take: 0ms result: true
[2026-07-15 19:59:12.502] [rz] [info] CRzCamyAudioDevice::UpdateDeviceChange skip as Windows Audio Controls are null
[2026-07-15 19:59:29.340] [rz] [info] CRzCamyAudioDevice::UpdateDeviceChange skip as Windows Audio Controls are null
[2026-07-15 20:48:57.293] [rz] [info] CamyNative::DeviceTerminate containerId: {6AAC826E-DACA-5976-A233-9A3F6F75C061} device removed.
[2026-07-15 20:48:57.294] [rz] [info] CCamyDevice::~CCamyDevice =>
[2026-07-15 20:48:57.294] [rz] [info] CCamyDevice::DisconnectDevice Disconnect done
[2026-07-15 20:48:57.294] [rz] [info] CCamyDevice::~CCamyDevice =><=
[2026-07-15 20:48:57.294] [rz] [info] Releasing Windows Audio Controls...
[2026-07-15 20:48:57.822] [rz] [info] => DLL_PROCESS_DETACH =>
[2026-07-15 20:48:57.822] [rz] [info] CCamyDevicesManager::~CCamyDevicesManager =>
[2026-07-15 20:48:57.822] [rz] [info] CCamyDevicesManager::~CCamyDevicesManager =><=
[2026-07-15 20:48:57.822] [rz] [info] CThreadExecutor::~CThreadExecutor =>
[2026-07-15 20:48:57.822] [rz] [info] CThreadExecutor::~CThreadExecutor =><=
[2026-07-15 20:48:57.822] [rz] [info] => DLL_PROCESS_DETACH =><=
[2026-07-16 14:02:01.545] [rz] [info] => DLL_PROCESS_ATTACH
[2026-07-16 14:02:01.546] [rz] [info] DLL version: 1.0.12.0
[2026-07-16 14:02:01.546] [rz] [info] CThreadExecutor::RunThread =>
[2026-07-16 14:02:01.655] [rz] [info] TUsbAudio Info:
[2026-07-16 14:02:01.655] [rz] [info] 	 DeviceOutput: 3
[2026-07-16 14:02:01.655] [rz] [info] CRzCamyAudioDevice::AddIODevice Adding : Device_HP, Pin: 5, StartChannel: 0, NumChannel: 2
[2026-07-16 14:02:01.655] [rz] [info] 	 Volume Info - Device_HP: Min: -16384, Max: 0, Step: 1 FU: 3
[2026-07-16 14:02:01.655] [rz] [info] 	 AppRecording: 3
[2026-07-16 14:02:01.655] [rz] [info] CRzCamyAudioDevice::AddIODevice Adding : Microphone, Pin: 4, StartChannel: 0, NumChannel: 1
[2026-07-16 14:02:01.656] [rz] [info] 	 AppRecordingVirtual: 4
[2026-07-16 14:02:01.656] [rz] [info] CRzCamyAudioDevice::AddIODevice Adding : StreamMix, Pin: 6, StartChannel: 0, NumChannel: 2
[2026-07-16 14:02:01.656] [rz] [info] CRzCamyAudioDevice::AddIODevice Adding : PlaybackMix, Pin: 6, StartChannel: 2, NumChannel: 2
[2026-07-16 14:02:01.656] [rz] [info] 	 AppPlayback: 3
[2026-07-16 14:02:01.656] [rz] [info] CRzCamyAudioDevice::AddIODevice Adding : Headphones, Pin: 0, StartChannel: 0, NumChannel: 2
[2026-07-16 14:02:01.656] [rz] [info] 	 DeviceInput: 3
[2026-07-16 14:02:01.656] [rz] [info] CRzCamyAudioDevice::AddIODevice Adding : Device_Mic, Pin: 1, StartChannel: 0, NumChannel: 1
[2026-07-16 14:02:01.656] [rz] [info] 	 Volume Info - Device_Mic: Min: 0, Max: 9216, Step: 1 FU: 7
[2026-07-16 14:02:01.656] [rz] [info] CRzCamyAudioDevice::AddIODevice Adding : Device_MicDry, Pin: 1, StartChannel: 1, NumChannel: 1
[2026-07-16 14:02:01.656] [rz] [info] 	 Volume Info - Device_MicDry: Min: 0, Max: 9216, Step: 1 FU: 7
[2026-07-16 14:02:01.656] [rz] [info] CRzCamyAudioDevice::AddIODevice Adding : Device_MicPostExp, Pin: 1, StartChannel: 2, NumChannel: 1
[2026-07-16 14:02:01.656] [rz] [info] 	 Volume Info - Device_MicPostExp: Min: 0, Max: 9216, Step: 1 FU: 7
[2026-07-16 14:02:01.656] [rz] [info] 	 AppPlaybackVirtual: 18
[2026-07-16 14:02:01.656] [rz] [info] CRzCamyAudioDevice::AddIODevice Adding : System, Pin: 2, StartChannel: 0, NumChannel: 2
[2026-07-16 14:02:01.656] [rz] [info] CRzCamyAudioDevice::AddIODevice Adding : Music, Pin: 2, StartChannel: 2, NumChannel: 2
[2026-07-16 14:02:01.656] [rz] [info] CRzCamyAudioDevice::AddIODevice Adding : Game, Pin: 2, StartChannel: 4, NumChannel: 2
[2026-07-16 14:02:01.656] [rz] [info] CRzCamyAudioDevice::AddIODevice Adding : VoiceChat, Pin: 2, StartChannel: 6, NumChannel: 2
[2026-07-16 14:02:01.656] [rz] [info] CRzCamyAudioDevice::AddIODevice Adding : Browser, Pin: 2, StartChannel: 8, NumChannel: 2
[2026-07-16 14:02:01.656] [rz] [info] CRzCamyAudioDevice::AddIODevice Adding : SoundEffects, Pin: 2, StartChannel: 10, NumChannel: 2
[2026-07-16 14:02:01.656] [rz] [info] CRzCamyAudioDevice::AddIODevice Adding : Aux1, Pin: 2, StartChannel: 12, NumChannel: 2
[2026-07-16 14:02:01.656] [rz] [info] CRzCamyAudioDevice::AddIODevice Adding : Aux2, Pin: 2, StartChannel: 14, NumChannel: 2
[2026-07-16 14:02:01.656] [rz] [info] CRzCamyAudioDevice::AddIODevice Adding : Aux3, Pin: 2, StartChannel: 16, NumChannel: 2
[2026-07-16 14:02:01.656] [rz] [info] CRzCamyAudioDevice::GetMode Current Mode: Basic
[2026-07-16 14:02:01.656] [rz] [info] Acquiring Windows Audio Controls...
[2026-07-16 14:02:01.657] [rz] [info] CRzCamyAudioDevice::GetEndpoint Microphone is mismatched with: Service (Do not use) (2- Razer Seiren V3 Pro) 
[2026-07-16 14:02:01.658] [rz] [info] CRzCamyAudioDevice::GetEndpoint Microphone found
[2026-07-16 14:02:01.660] [rz] [info] CRzCamyAudioDevice::GetEndpoint Service found
[2026-07-16 14:02:01.662] [rz] [info] CRzCamyAudioDevice::GetEndpoint Headphones found
[2026-07-16 14:02:01.662] [rz] [info] CRzCamyAudioDevice::AcquireWindowsAudioControls acquire MicVolume and HPVolume successfully
[2026-07-16 14:02:01.662] [rz] [info] CRzCamyAudioDevice::AcquireWindowsAudioControls Done.
[2026-07-16 14:02:01.663] [rz] [info] CamyNative::DeviceInitialize containerId: {6AAC826E-DACA-5976-A233-9A3F6F75C061} r: true.
[2026-07-16 14:02:01.786] [rz] [info] CRzCamyAudioDevice::GetMode Current Mode: Basic
[2026-07-16 14:02:01.786] [rz] [info] CamyNative::GetMode containerId: {6AAC826E-DACA-5976-A233-9A3F6F75C061} result: 0
[2026-07-16 14:02:01.787] [rz] [info] CamyNative::SetLevelMeterEnable bEnable: 1 result: true
[2026-07-16 14:02:02.505] [rz] [info] CCamyDevice::SetMasterSampleRate =>
[2026-07-16 14:02:02.505] [rz] [info] CRzCamyAudioDevice::SetMasterSampleRate no need to update sampleRate as 48000 is the same as current one.
[2026-07-16 14:02:02.505] [rz] [info] CCamyDevice::SetMasterSampleRate =><=
[2026-07-16 14:02:02.505] [rz] [info] CRzCamyAudioDevice::GetMode Current Mode: Basic
[2026-07-16 14:02:02.505] [rz] [info] CamyNative::SetMasterSampleRate uSampleRate: 48000 take: 0ms result: true
[2026-07-16 14:02:02.516] [rz] [info] CamyNative::GetDeviceVolume Device_HP - uLevel: 70
[2026-07-16 14:02:02.517] [rz] [info] CamyNative::GetDeviceMute Device_HP - bMuted: false
[2026-07-16 14:02:02.518] [rz] [info] CamyNative::GetDeviceVolume Device_Mic - uLevel: 100
[2026-07-16 14:02:02.519] [rz] [info] CamyNative::GetDeviceMute Device_Mic - bMuted: false
[2026-07-16 14:02:02.592] [rz] [info] CamyNative::GetDeviceVolume Device_HP - uLevel: 70
[2026-07-16 14:02:02.593] [rz] [info] CamyNative::GetDeviceMute Device_HP - bMuted: false
[2026-07-16 14:02:02.595] [rz] [info] CamyNative::GetDeviceVolume Device_Mic - uLevel: 100
[2026-07-16 14:02:02.596] [rz] [info] CamyNative::GetDeviceMute Device_Mic - bMuted: false
[2026-07-16 14:02:03.229] [rz] [info] CCamyDevice::SetMasterSampleRate =>
[2026-07-16 14:02:03.229] [rz] [info] CRzCamyAudioDevice::SetMasterSampleRate no need to update sampleRate as 48000 is the same as current one.
[2026-07-16 14:02:03.229] [rz] [info] CCamyDevice::SetMasterSampleRate =><=
[2026-07-16 14:02:03.229] [rz] [info] CRzCamyAudioDevice::GetMode Current Mode: Basic
[2026-07-16 14:02:03.229] [rz] [info] CamyNative::SetMasterSampleRate uSampleRate: 48000 take: 0ms result: true
[2026-07-16 15:23:01.743] [rz] [info] CamyNative::DeviceTerminate containerId: {6AAC826E-DACA-5976-A233-9A3F6F75C061} device removed.
[2026-07-16 15:23:01.747] [rz] [info] CCamyDevice::~CCamyDevice =>
[2026-07-16 15:23:01.748] [rz] [info] CCamyDevice::DisconnectDevice Disconnect done
[2026-07-16 15:23:01.748] [rz] [info] CCamyDevice::~CCamyDevice =><=
[2026-07-16 15:23:01.748] [rz] [info] Releasing Windows Audio Controls...
[2026-07-16 15:23:02.287] [rz] [info] => DLL_PROCESS_DETACH =>
[2026-07-16 15:23:02.287] [rz] [info] CCamyDevicesManager::~CCamyDevicesManager =>
[2026-07-16 15:23:02.287] [rz] [info] CCamyDevicesManager::~CCamyDevicesManager =><=
[2026-07-16 15:23:02.287] [rz] [info] CThreadExecutor::~CThreadExecutor =>
[2026-07-16 15:23:02.287] [rz] [info] CThreadExecutor::~CThreadExecutor =><=
[2026-07-16 15:23:02.287] [rz] [info] => DLL_PROCESS_DETACH =><=
[2026-07-16 19:44:54.645] [rz] [info] => DLL_PROCESS_ATTACH
[2026-07-16 19:44:54.645] [rz] [info] DLL version: 1.0.12.0
[2026-07-16 19:44:54.645] [rz] [info] CThreadExecutor::RunThread =>
[2026-07-16 19:44:54.702] [rz] [info] TUsbAudio Info:
[2026-07-16 19:44:54.702] [rz] [info] 	 DeviceOutput: 3
[2026-07-16 19:44:54.702] [rz] [info] CRzCamyAudioDevice::AddIODevice Adding : Device_HP, Pin: 5, StartChannel: 0, NumChannel: 2
[2026-07-16 19:44:54.702] [rz] [info] 	 Volume Info - Device_HP: Min: -16384, Max: 0, Step: 1 FU: 3
[2026-07-16 19:44:54.702] [rz] [info] 	 AppRecording: 3
[2026-07-16 19:44:54.702] [rz] [info] CRzCamyAudioDevice::AddIODevice Adding : Microphone, Pin: 4, StartChannel: 0, NumChannel: 1
[2026-07-16 19:44:54.702] [rz] [info] 	 AppRecordingVirtual: 4
[2026-07-16 19:44:54.702] [rz] [info] CRzCamyAudioDevice::AddIODevice Adding : StreamMix, Pin: 6, StartChannel: 0, NumChannel: 2
[2026-07-16 19:44:54.702] [rz] [info] CRzCamyAudioDevice::AddIODevice Adding : PlaybackMix, Pin: 6, StartChannel: 2, NumChannel: 2
[2026-07-16 19:44:54.702] [rz] [info] 	 AppPlayback: 3
[2026-07-16 19:44:54.702] [rz] [info] CRzCamyAudioDevice::AddIODevice Adding : Headphones, Pin: 0, StartChannel: 0, NumChannel: 2
[2026-07-16 19:44:54.702] [rz] [info] 	 DeviceInput: 3
[2026-07-16 19:44:54.702] [rz] [info] CRzCamyAudioDevice::AddIODevice Adding : Device_Mic, Pin: 1, StartChannel: 0, NumChannel: 1
[2026-07-16 19:44:54.702] [rz] [info] 	 Volume Info - Device_Mic: Min: 0, Max: 9216, Step: 1 FU: 7
[2026-07-16 19:44:54.702] [rz] [info] CRzCamyAudioDevice::AddIODevice Adding : Device_MicDry, Pin: 1, StartChannel: 1, NumChannel: 1
[2026-07-16 19:44:54.702] [rz] [info] 	 Volume Info - Device_MicDry: Min: 0, Max: 9216, Step: 1 FU: 7
[2026-07-16 19:44:54.702] [rz] [info] CRzCamyAudioDevice::AddIODevice Adding : Device_MicPostExp, Pin: 1, StartChannel: 2, NumChannel: 1
[2026-07-16 19:44:54.703] [rz] [info] 	 Volume Info - Device_MicPostExp: Min: 0, Max: 9216, Step: 1 FU: 7
[2026-07-16 19:44:54.703] [rz] [info] 	 AppPlaybackVirtual: 18
[2026-07-16 19:44:54.703] [rz] [info] CRzCamyAudioDevice::AddIODevice Adding : System, Pin: 2, StartChannel: 0, NumChannel: 2
[2026-07-16 19:44:54.703] [rz] [info] CRzCamyAudioDevice::AddIODevice Adding : Music, Pin: 2, StartChannel: 2, NumChannel: 2
[2026-07-16 19:44:54.703] [rz] [info] CRzCamyAudioDevice::AddIODevice Adding : Game, Pin: 2, StartChannel: 4, NumChannel: 2
[2026-07-16 19:44:54.703] [rz] [info] CRzCamyAudioDevice::AddIODevice Adding : VoiceChat, Pin: 2, StartChannel: 6, NumChannel: 2
[2026-07-16 19:44:54.703] [rz] [info] CRzCamyAudioDevice::AddIODevice Adding : Browser, Pin: 2, StartChannel: 8, NumChannel: 2
[2026-07-16 19:44:54.703] [rz] [info] CRzCamyAudioDevice::AddIODevice Adding : SoundEffects, Pin: 2, StartChannel: 10, NumChannel: 2
[2026-07-16 19:44:54.703] [rz] [info] CRzCamyAudioDevice::AddIODevice Adding : Aux1, Pin: 2, StartChannel: 12, NumChannel: 2
[2026-07-16 19:44:54.703] [rz] [info] CRzCamyAudioDevice::AddIODevice Adding : Aux2, Pin: 2, StartChannel: 14, NumChannel: 2
[2026-07-16 19:44:54.703] [rz] [info] CRzCamyAudioDevice::AddIODevice Adding : Aux3, Pin: 2, StartChannel: 16, NumChannel: 2
[2026-07-16 19:44:54.703] [rz] [info] CRzCamyAudioDevice::GetMode Current Mode: Basic
[2026-07-16 19:44:54.703] [rz] [info] Acquiring Windows Audio Controls...
[2026-07-16 19:44:54.703] [rz] [info] CRzCamyAudioDevice::GetEndpoint Microphone is mismatched with: Service (Do not use) (2- Razer Seiren V3 Pro) 
[2026-07-16 19:44:54.703] [rz] [info] CRzCamyAudioDevice::GetEndpoint Microphone found
[2026-07-16 19:44:54.704] [rz] [info] CRzCamyAudioDevice::GetEndpoint Service found
[2026-07-16 19:44:54.706] [rz] [info] CRzCamyAudioDevice::GetEndpoint Headphones found
[2026-07-16 19:44:54.706] [rz] [info] CRzCamyAudioDevice::AcquireWindowsAudioControls acquire MicVolume and HPVolume successfully
[2026-07-16 19:44:54.706] [rz] [info] CRzCamyAudioDevice::AcquireWindowsAudioControls Done.
[2026-07-16 19:44:54.706] [rz] [info] CamyNative::DeviceInitialize containerId: {6AAC826E-DACA-5976-A233-9A3F6F75C061} r: true.
[2026-07-16 19:44:54.784] [rz] [info] CRzCamyAudioDevice::GetMode Current Mode: Basic
[2026-07-16 19:44:54.784] [rz] [info] CamyNative::GetMode containerId: {6AAC826E-DACA-5976-A233-9A3F6F75C061} result: 0
[2026-07-16 19:44:54.785] [rz] [info] CamyNative::SetLevelMeterEnable bEnable: 1 result: true
[2026-07-16 19:44:55.682] [rz] [info] CCamyDevice::SetMasterSampleRate =>
[2026-07-16 19:44:55.682] [rz] [info] CRzCamyAudioDevice::SetMasterSampleRate no need to update sampleRate as 48000 is the same as current one.
[2026-07-16 19:44:55.682] [rz] [info] CCamyDevice::SetMasterSampleRate =><=
[2026-07-16 19:44:55.682] [rz] [info] CRzCamyAudioDevice::GetMode Current Mode: Basic
[2026-07-16 19:44:55.682] [rz] [info] CamyNative::SetMasterSampleRate uSampleRate: 48000 take: 0ms result: true
[2026-07-16 19:44:55.702] [rz] [info] CamyNative::GetDeviceVolume Device_HP - uLevel: 70
[2026-07-16 19:44:55.703] [rz] [info] CamyNative::GetDeviceMute Device_HP - bMuted: false
[2026-07-16 19:44:55.703] [rz] [info] CamyNative::GetDeviceVolume Device_Mic - uLevel: 100
[2026-07-16 19:44:55.704] [rz] [info] CamyNative::GetDeviceMute Device_Mic - bMuted: false
[2026-07-16 19:44:55.804] [rz] [info] CamyNative::GetDeviceVolume Device_HP - uLevel: 70
[2026-07-16 19:44:55.805] [rz] [info] CamyNative::GetDeviceMute Device_HP - bMuted: false
[2026-07-16 19:44:55.805] [rz] [info] CamyNative::GetDeviceVolume Device_Mic - uLevel: 100
[2026-07-16 19:44:55.806] [rz] [info] CamyNative::GetDeviceMute Device_Mic - bMuted: false
[2026-07-16 19:44:56.491] [rz] [info] CCamyDevice::SetMasterSampleRate =>
[2026-07-16 19:44:56.491] [rz] [info] CRzCamyAudioDevice::SetMasterSampleRate no need to update sampleRate as 48000 is the same as current one.
[2026-07-16 19:44:56.491] [rz] [info] CCamyDevice::SetMasterSampleRate =><=
[2026-07-16 19:44:56.491] [rz] [info] CRzCamyAudioDevice::GetMode Current Mode: Basic
[2026-07-16 19:44:56.491] [rz] [info] CamyNative::SetMasterSampleRate uSampleRate: 48000 take: 0ms result: true
[2026-07-16 19:45:35.839] [rz] [info] CRzCamyAudioDevice::UpdateDeviceChange skip as Windows Audio Controls are null
[2026-07-16 19:45:45.553] [rz] [info] CRzCamyAudioDevice::UpdateDeviceChange skip as Windows Audio Controls are null
[2026-07-16 20:19:33.912] [rz] [info] CamyNative::DeviceTerminate containerId: {6AAC826E-DACA-5976-A233-9A3F6F75C061} device removed.
[2026-07-16 20:19:33.912] [rz] [info] CCamyDevice::~CCamyDevice =>
[2026-07-16 20:19:33.913] [rz] [info] CCamyDevice::DisconnectDevice Disconnect done
[2026-07-16 20:19:33.913] [rz] [info] CCamyDevice::~CCamyDevice =><=
[2026-07-16 20:19:33.913] [rz] [info] Releasing Windows Audio Controls...
[2026-07-16 20:19:34.790] [rz] [info] => DLL_PROCESS_DETACH =>
[2026-07-16 20:19:34.790] [rz] [info] CCamyDevicesManager::~CCamyDevicesManager =>
[2026-07-16 20:19:34.790] [rz] [info] CCamyDevicesManager::~CCamyDevicesManager =><=
[2026-07-16 20:19:34.790] [rz] [info] CThreadExecutor::~CThreadExecutor =>
[2026-07-16 20:19:34.790] [rz] [info] CThreadExecutor::~CThreadExecutor =><=
[2026-07-16 20:19:34.790] [rz] [info] => DLL_PROCESS_DETACH =><=
[2026-07-17 20:11:52.393] [rz] [info] => DLL_PROCESS_ATTACH
[2026-07-17 20:11:52.393] [rz] [info] DLL version: 1.0.12.0
[2026-07-17 20:11:52.394] [rz] [info] CThreadExecutor::RunThread =>
[2026-07-17 20:11:52.466] [rz] [info] TUsbAudio Info:
[2026-07-17 20:11:52.466] [rz] [info] 	 DeviceOutput: 3
[2026-07-17 20:11:52.466] [rz] [info] CRzCamyAudioDevice::AddIODevice Adding : Device_HP, Pin: 5, StartChannel: 0, NumChannel: 2
[2026-07-17 20:11:52.466] [rz] [info] 	 Volume Info - Device_HP: Min: -16384, Max: 0, Step: 1 FU: 3
[2026-07-17 20:11:52.466] [rz] [info] 	 AppRecording: 3
[2026-07-17 20:11:52.466] [rz] [info] CRzCamyAudioDevice::AddIODevice Adding : Microphone, Pin: 4, StartChannel: 0, NumChannel: 1
[2026-07-17 20:11:52.466] [rz] [info] 	 AppRecordingVirtual: 4
[2026-07-17 20:11:52.466] [rz] [info] CRzCamyAudioDevice::AddIODevice Adding : StreamMix, Pin: 6, StartChannel: 0, NumChannel: 2
[2026-07-17 20:11:52.466] [rz] [info] CRzCamyAudioDevice::AddIODevice Adding : PlaybackMix, Pin: 6, StartChannel: 2, NumChannel: 2
[2026-07-17 20:11:52.466] [rz] [info] 	 AppPlayback: 3
[2026-07-17 20:11:52.466] [rz] [info] CRzCamyAudioDevice::AddIODevice Adding : Headphones, Pin: 0, StartChannel: 0, NumChannel: 2
[2026-07-17 20:11:52.466] [rz] [info] 	 DeviceInput: 3
[2026-07-17 20:11:52.466] [rz] [info] CRzCamyAudioDevice::AddIODevice Adding : Device_Mic, Pin: 1, StartChannel: 0, NumChannel: 1
[2026-07-17 20:11:52.466] [rz] [info] 	 Volume Info - Device_Mic: Min: 0, Max: 9216, Step: 1 FU: 7
[2026-07-17 20:11:52.466] [rz] [info] CRzCamyAudioDevice::AddIODevice Adding : Device_MicDry, Pin: 1, StartChannel: 1, NumChannel: 1
[2026-07-17 20:11:52.466] [rz] [info] 	 Volume Info - Device_MicDry: Min: 0, Max: 9216, Step: 1 FU: 7
[2026-07-17 20:11:52.466] [rz] [info] CRzCamyAudioDevice::AddIODevice Adding : Device_MicPostExp, Pin: 1, StartChannel: 2, NumChannel: 1
[2026-07-17 20:11:52.466] [rz] [info] 	 Volume Info - Device_MicPostExp: Min: 0, Max: 9216, Step: 1 FU: 7
[2026-07-17 20:11:52.466] [rz] [info] 	 AppPlaybackVirtual: 18
[2026-07-17 20:11:52.466] [rz] [info] CRzCamyAudioDevice::AddIODevice Adding : System, Pin: 2, StartChannel: 0, NumChannel: 2
[2026-07-17 20:11:52.466] [rz] [info] CRzCamyAudioDevice::AddIODevice Adding : Music, Pin: 2, StartChannel: 2, NumChannel: 2
[2026-07-17 20:11:52.466] [rz] [info] CRzCamyAudioDevice::AddIODevice Adding : Game, Pin: 2, StartChannel: 4, NumChannel: 2
[2026-07-17 20:11:52.466] [rz] [info] CRzCamyAudioDevice::AddIODevice Adding : VoiceChat, Pin: 2, StartChannel: 6, NumChannel: 2
[2026-07-17 20:11:52.466] [rz] [info] CRzCamyAudioDevice::AddIODevice Adding : Browser, Pin: 2, StartChannel: 8, NumChannel: 2
[2026-07-17 20:11:52.466] [rz] [info] CRzCamyAudioDevice::AddIODevice Adding : SoundEffects, Pin: 2, StartChannel: 10, NumChannel: 2
[2026-07-17 20:11:52.466] [rz] [info] CRzCamyAudioDevice::AddIODevice Adding : Aux1, Pin: 2, StartChannel: 12, NumChannel: 2
[2026-07-17 20:11:52.466] [rz] [info] CRzCamyAudioDevice::AddIODevice Adding : Aux2, Pin: 2, StartChannel: 14, NumChannel: 2
[2026-07-17 20:11:52.466] [rz] [info] CRzCamyAudioDevice::AddIODevice Adding : Aux3, Pin: 2, StartChannel: 16, NumChannel: 2
[2026-07-17 20:11:52.466] [rz] [info] CRzCamyAudioDevice::GetMode Current Mode: Basic
[2026-07-17 20:11:52.466] [rz] [info] Acquiring Windows Audio Controls...
[2026-07-17 20:11:52.469] [rz] [info] CRzCamyAudioDevice::GetEndpoint Microphone is mismatched with: Service (Do not use) (2- Razer Seiren V3 Pro) 
[2026-07-17 20:11:52.469] [rz] [info] CRzCamyAudioDevice::GetEndpoint Microphone found
[2026-07-17 20:11:52.471] [rz] [info] CRzCamyAudioDevice::GetEndpoint Service found
[2026-07-17 20:11:52.474] [rz] [info] CRzCamyAudioDevice::GetEndpoint Headphones found
[2026-07-17 20:11:52.474] [rz] [info] CRzCamyAudioDevice::AcquireWindowsAudioControls acquire MicVolume and HPVolume successfully
[2026-07-17 20:11:52.475] [rz] [info] CRzCamyAudioDevice::AcquireWindowsAudioControls Done.
[2026-07-17 20:11:52.475] [rz] [info] CamyNative::DeviceInitialize containerId: {6AAC826E-DACA-5976-A233-9A3F6F75C061} r: true.
[2026-07-17 20:11:52.577] [rz] [info] CRzCamyAudioDevice::GetMode Current Mode: Basic
[2026-07-17 20:11:52.577] [rz] [info] CamyNative::GetMode containerId: {6AAC826E-DACA-5976-A233-9A3F6F75C061} result: 0
[2026-07-17 20:11:52.578] [rz] [info] CamyNative::SetLevelMeterEnable bEnable: 1 result: true
[2026-07-17 20:11:53.260] [rz] [info] CCamyDevice::SetMasterSampleRate =>
[2026-07-17 20:11:53.260] [rz] [info] CRzCamyAudioDevice::SetMasterSampleRate no need to update sampleRate as 48000 is the same as current one.
[2026-07-17 20:11:53.260] [rz] [info] CCamyDevice::SetMasterSampleRate =><=
[2026-07-17 20:11:53.260] [rz] [info] CRzCamyAudioDevice::GetMode Current Mode: Basic
[2026-07-17 20:11:53.260] [rz] [info] CamyNative::SetMasterSampleRate uSampleRate: 48000 take: 0ms result: true
[2026-07-17 20:11:53.270] [rz] [info] CamyNative::GetDeviceVolume Device_HP - uLevel: 70
[2026-07-17 20:11:53.271] [rz] [info] CamyNative::GetDeviceMute Device_HP - bMuted: false
[2026-07-17 20:11:53.272] [rz] [info] CamyNative::GetDeviceVolume Device_Mic - uLevel: 100
[2026-07-17 20:11:53.272] [rz] [info] CamyNative::GetDeviceMute Device_Mic - bMuted: false
[2026-07-17 20:11:53.327] [rz] [info] CamyNative::GetDeviceVolume Device_HP - uLevel: 70
[2026-07-17 20:11:53.327] [rz] [info] CamyNative::GetDeviceMute Device_HP - bMuted: false
[2026-07-17 20:11:53.328] [rz] [info] CamyNative::GetDeviceVolume Device_Mic - uLevel: 100
[2026-07-17 20:11:53.328] [rz] [info] CamyNative::GetDeviceMute Device_Mic - bMuted: false
[2026-07-17 20:11:53.891] [rz] [info] CCamyDevice::SetMasterSampleRate =>
[2026-07-17 20:11:53.891] [rz] [info] CRzCamyAudioDevice::SetMasterSampleRate no need to update sampleRate as 48000 is the same as current one.
[2026-07-17 20:11:53.891] [rz] [info] CCamyDevice::SetMasterSampleRate =><=
[2026-07-17 20:11:53.891] [rz] [info] CRzCamyAudioDevice::GetMode Current Mode: Basic
[2026-07-17 20:11:53.891] [rz] [info] CamyNative::SetMasterSampleRate uSampleRate: 48000 take: 0ms result: true
[2026-07-17 20:49:20.558] [rz] [info] CamyNative::DeviceTerminate containerId: {6AAC826E-DACA-5976-A233-9A3F6F75C061} device removed.
[2026-07-17 20:49:20.558] [rz] [info] CCamyDevice::~CCamyDevice =>
[2026-07-17 20:49:20.558] [rz] [info] CCamyDevice::DisconnectDevice Disconnect done
[2026-07-17 20:49:20.558] [rz] [info] CCamyDevice::~CCamyDevice =><=
[2026-07-17 20:49:20.558] [rz] [info] Releasing Windows Audio Controls...
[2026-07-18 16:49:33.960] [rz] [info] => DLL_PROCESS_ATTACH
[2026-07-18 16:49:33.961] [rz] [info] DLL version: 1.0.12.0
[2026-07-18 16:49:33.961] [rz] [info] CThreadExecutor::RunThread =>
[2026-07-18 16:49:34.038] [rz] [info] TUsbAudio Info:
[2026-07-18 16:49:34.039] [rz] [info] 	 DeviceOutput: 3
[2026-07-18 16:49:34.039] [rz] [info] CRzCamyAudioDevice::AddIODevice Adding : Device_HP, Pin: 5, StartChannel: 0, NumChannel: 2
[2026-07-18 16:49:34.039] [rz] [info] 	 Volume Info - Device_HP: Min: -16384, Max: 0, Step: 1 FU: 3
[2026-07-18 16:49:34.039] [rz] [info] 	 AppRecording: 3
[2026-07-18 16:49:34.039] [rz] [info] CRzCamyAudioDevice::AddIODevice Adding : Microphone, Pin: 4, StartChannel: 0, NumChannel: 1
[2026-07-18 16:49:34.039] [rz] [info] 	 AppRecordingVirtual: 4
[2026-07-18 16:49:34.039] [rz] [info] CRzCamyAudioDevice::AddIODevice Adding : StreamMix, Pin: 6, StartChannel: 0, NumChannel: 2
[2026-07-18 16:49:34.039] [rz] [info] CRzCamyAudioDevice::AddIODevice Adding : PlaybackMix, Pin: 6, StartChannel: 2, NumChannel: 2
[2026-07-18 16:49:34.039] [rz] [info] 	 AppPlayback: 3
[2026-07-18 16:49:34.039] [rz] [info] CRzCamyAudioDevice::AddIODevice Adding : Headphones, Pin: 0, StartChannel: 0, NumChannel: 2
[2026-07-18 16:49:34.039] [rz] [info] 	 DeviceInput: 3
[2026-07-18 16:49:34.039] [rz] [info] CRzCamyAudioDevice::AddIODevice Adding : Device_Mic, Pin: 1, StartChannel: 0, NumChannel: 1
[2026-07-18 16:49:34.039] [rz] [info] 	 Volume Info - Device_Mic: Min: 0, Max: 9216, Step: 1 FU: 7
[2026-07-18 16:49:34.039] [rz] [info] CRzCamyAudioDevice::AddIODevice Adding : Device_MicDry, Pin: 1, StartChannel: 1, NumChannel: 1
[2026-07-18 16:49:34.039] [rz] [info] 	 Volume Info - Device_MicDry: Min: 0, Max: 9216, Step: 1 FU: 7
[2026-07-18 16:49:34.039] [rz] [info] CRzCamyAudioDevice::AddIODevice Adding : Device_MicPostExp, Pin: 1, StartChannel: 2, NumChannel: 1
[2026-07-18 16:49:34.039] [rz] [info] 	 Volume Info - Device_MicPostExp: Min: 0, Max: 9216, Step: 1 FU: 7
[2026-07-18 16:49:34.039] [rz] [info] 	 AppPlaybackVirtual: 18
[2026-07-18 16:49:34.039] [rz] [info] CRzCamyAudioDevice::AddIODevice Adding : System, Pin: 2, StartChannel: 0, NumChannel: 2
[2026-07-18 16:49:34.039] [rz] [info] CRzCamyAudioDevice::AddIODevice Adding : Music, Pin: 2, StartChannel: 2, NumChannel: 2
[2026-07-18 16:49:34.039] [rz] [info] CRzCamyAudioDevice::AddIODevice Adding : Game, Pin: 2, StartChannel: 4, NumChannel: 2
[2026-07-18 16:49:34.039] [rz] [info] CRzCamyAudioDevice::AddIODevice Adding : VoiceChat, Pin: 2, StartChannel: 6, NumChannel: 2
[2026-07-18 16:49:34.039] [rz] [info] CRzCamyAudioDevice::AddIODevice Adding : Browser, Pin: 2, StartChannel: 8, NumChannel: 2
[2026-07-18 16:49:34.039] [rz] [info] CRzCamyAudioDevice::AddIODevice Adding : SoundEffects, Pin: 2, StartChannel: 10, NumChannel: 2
[2026-07-18 16:49:34.039] [rz] [info] CRzCamyAudioDevice::AddIODevice Adding : Aux1, Pin: 2, StartChannel: 12, NumChannel: 2
[2026-07-18 16:49:34.039] [rz] [info] CRzCamyAudioDevice::AddIODevice Adding : Aux2, Pin: 2, StartChannel: 14, NumChannel: 2
[2026-07-18 16:49:34.039] [rz] [info] CRzCamyAudioDevice::AddIODevice Adding : Aux3, Pin: 2, StartChannel: 16, NumChannel: 2
[2026-07-18 16:49:34.039] [rz] [info] CRzCamyAudioDevice::GetMode Current Mode: Basic
[2026-07-18 16:49:34.039] [rz] [info] Acquiring Windows Audio Controls...
[2026-07-18 16:49:34.040] [rz] [info] CRzCamyAudioDevice::GetEndpoint Microphone is mismatched with: Service (Do not use) (2- Razer Seiren V3 Pro) 
[2026-07-18 16:49:34.041] [rz] [info] CRzCamyAudioDevice::GetEndpoint Microphone found
[2026-07-18 16:49:34.043] [rz] [info] CRzCamyAudioDevice::GetEndpoint Service found
[2026-07-18 16:49:34.046] [rz] [info] CRzCamyAudioDevice::GetEndpoint Headphones found
[2026-07-18 16:49:34.047] [rz] [info] CRzCamyAudioDevice::AcquireWindowsAudioControls acquire MicVolume and HPVolume successfully
[2026-07-18 16:49:34.047] [rz] [info] CRzCamyAudioDevice::AcquireWindowsAudioControls Done.
[2026-07-18 16:49:34.047] [rz] [info] CamyNative::DeviceInitialize containerId: {6AAC826E-DACA-5976-A233-9A3F6F75C061} r: true.
[2026-07-18 16:49:34.144] [rz] [info] CRzCamyAudioDevice::GetMode Current Mode: Basic
[2026-07-18 16:49:34.144] [rz] [info] CamyNative::GetMode containerId: {6AAC826E-DACA-5976-A233-9A3F6F75C061} result: 0
[2026-07-18 16:49:34.145] [rz] [info] CamyNative::SetLevelMeterEnable bEnable: 1 result: true
[2026-07-18 16:49:34.842] [rz] [info] CCamyDevice::SetMasterSampleRate =>
[2026-07-18 16:49:34.842] [rz] [info] CRzCamyAudioDevice::SetMasterSampleRate no need to update sampleRate as 48000 is the same as current one.
[2026-07-18 16:49:34.842] [rz] [info] CCamyDevice::SetMasterSampleRate =><=
[2026-07-18 16:49:34.843] [rz] [info] CRzCamyAudioDevice::GetMode Current Mode: Basic
[2026-07-18 16:49:34.843] [rz] [info] CamyNative::SetMasterSampleRate uSampleRate: 48000 take: 0ms result: true
[2026-07-18 16:49:34.858] [rz] [info] CamyNative::GetDeviceVolume Device_HP - uLevel: 70
[2026-07-18 16:49:34.860] [rz] [info] CamyNative::GetDeviceMute Device_HP - bMuted: false
[2026-07-18 16:49:34.861] [rz] [info] CamyNative::GetDeviceVolume Device_Mic - uLevel: 100
[2026-07-18 16:49:34.861] [rz] [info] CamyNative::GetDeviceMute Device_Mic - bMuted: false
[2026-07-18 16:49:34.941] [rz] [info] CamyNative::GetDeviceVolume Device_HP - uLevel: 70
[2026-07-18 16:49:34.942] [rz] [info] CamyNative::GetDeviceMute Device_HP - bMuted: false
[2026-07-18 16:49:34.944] [rz] [info] CamyNative::GetDeviceVolume Device_Mic - uLevel: 100
[2026-07-18 16:49:34.946] [rz] [info] CamyNative::GetDeviceMute Device_Mic - bMuted: false
[2026-07-18 16:49:35.585] [rz] [info] CCamyDevice::SetMasterSampleRate =>
[2026-07-18 16:49:35.585] [rz] [info] CRzCamyAudioDevice::SetMasterSampleRate no need to update sampleRate as 48000 is the same as current one.
[2026-07-18 16:49:35.585] [rz] [info] CCamyDevice::SetMasterSampleRate =><=
[2026-07-18 16:49:35.585] [rz] [info] CRzCamyAudioDevice::GetMode Current Mode: Basic
[2026-07-18 16:49:35.585] [rz] [info] CamyNative::SetMasterSampleRate uSampleRate: 48000 take: 0ms result: true
[2026-07-18 17:21:45.671] [rz] [info] CamyNative::DeviceTerminate containerId: {6AAC826E-DACA-5976-A233-9A3F6F75C061} device removed.
[2026-07-18 17:21:45.672] [rz] [info] CCamyDevice::~CCamyDevice =>
[2026-07-18 17:21:45.673] [rz] [info] CCamyDevice::DisconnectDevice Disconnect done
[2026-07-18 17:21:45.673] [rz] [info] CCamyDevice::~CCamyDevice =><=
[2026-07-18 17:21:45.673] [rz] [info] Releasing Windows Audio Controls...
[2026-07-20 19:29:28.242] [rz] [info] TUsbAudio Info:
[2026-07-20 19:29:28.242] [rz] [info] 	 DeviceOutput: 3
[2026-07-20 19:29:28.242] [rz] [info] CRzCamyAudioDevice::AddIODevice Adding : Device_HP, Pin: 5, StartChannel: 0, NumChannel: 2
[2026-07-20 19:29:28.242] [rz] [info] 	 Volume Info - Device_HP: Min: -16384, Max: 0, Step: 1 FU: 3
[2026-07-20 19:29:28.242] [rz] [info] 	 AppRecording: 3
[2026-07-20 19:29:28.242] [rz] [info] CRzCamyAudioDevice::AddIODevice Adding : Microphone, Pin: 4, StartChannel: 0, NumChannel: 1
[2026-07-20 19:29:28.242] [rz] [info] 	 AppRecordingVirtual: 4
[2026-07-20 19:29:28.242] [rz] [info] CRzCamyAudioDevice::AddIODevice Adding : StreamMix, Pin: 6, StartChannel: 0, NumChannel: 2
[2026-07-20 19:29:28.242] [rz] [info] CRzCamyAudioDevice::AddIODevice Adding : PlaybackMix, Pin: 6, StartChannel: 2, NumChannel: 2
[2026-07-20 19:29:28.242] [rz] [info] 	 AppPlayback: 3
[2026-07-20 19:29:28.242] [rz] [info] CRzCamyAudioDevice::AddIODevice Adding : Headphones, Pin: 0, StartChannel: 0, NumChannel: 2
[2026-07-20 19:29:28.242] [rz] [info] 	 DeviceInput: 3
[2026-07-20 19:29:28.242] [rz] [info] CRzCamyAudioDevice::AddIODevice Adding : Device_Mic, Pin: 1, StartChannel: 0, NumChannel: 1
[2026-07-20 19:29:28.242] [rz] [info] 	 Volume Info - Device_Mic: Min: 0, Max: 9216, Step: 1 FU: 7
[2026-07-20 19:29:28.242] [rz] [info] CRzCamyAudioDevice::AddIODevice Adding : Device_MicDry, Pin: 1, StartChannel: 1, NumChannel: 1
[2026-07-20 19:29:28.242] [rz] [info] 	 Volume Info - Device_MicDry: Min: 0, Max: 9216, Step: 1 FU: 7
[2026-07-20 19:29:28.242] [rz] [info] CRzCamyAudioDevice::AddIODevice Adding : Device_MicPostExp, Pin: 1, StartChannel: 2, NumChannel: 1
[2026-07-20 19:29:28.242] [rz] [info] 	 Volume Info - Device_MicPostExp: Min: 0, Max: 9216, Step: 1 FU: 7
[2026-07-20 19:29:28.242] [rz] [info] 	 AppPlaybackVirtual: 18
[2026-07-20 19:29:28.242] [rz] [info] CRzCamyAudioDevice::AddIODevice Adding : System, Pin: 2, StartChannel: 0, NumChannel: 2
[2026-07-20 19:29:28.242] [rz] [info] CRzCamyAudioDevice::AddIODevice Adding : Music, Pin: 2, StartChannel: 2, NumChannel: 2
[2026-07-20 19:29:28.242] [rz] [info] CRzCamyAudioDevice::AddIODevice Adding : Game, Pin: 2, StartChannel: 4, NumChannel: 2
[2026-07-20 19:29:28.242] [rz] [info] CRzCamyAudioDevice::AddIODevice Adding : VoiceChat, Pin: 2, StartChannel: 6, NumChannel: 2
[2026-07-20 19:29:28.242] [rz] [info] CRzCamyAudioDevice::AddIODevice Adding : Browser, Pin: 2, StartChannel: 8, NumChannel: 2
[2026-07-20 19:29:28.242] [rz] [info] CRzCamyAudioDevice::AddIODevice Adding : SoundEffects, Pin: 2, StartChannel: 10, NumChannel: 2
[2026-07-20 19:29:28.242] [rz] [info] CRzCamyAudioDevice::AddIODevice Adding : Aux1, Pin: 2, StartChannel: 12, NumChannel: 2
[2026-07-20 19:29:28.242] [rz] [info] CRzCamyAudioDevice::AddIODevice Adding : Aux2, Pin: 2, StartChannel: 14, NumChannel: 2
[2026-07-20 19:29:28.242] [rz] [info] CRzCamyAudioDevice::AddIODevice Adding : Aux3, Pin: 2, StartChannel: 16, NumChannel: 2
[2026-07-20 19:29:28.243] [rz] [info] CRzCamyAudioDevice::GetMode Current Mode: Basic
[2026-07-20 19:29:28.243] [rz] [info] Acquiring Windows Audio Controls...
[2026-07-20 19:29:28.243] [rz] [error] CRzCamyAudioDevice::GetEndpoint bIsCapture: 1 deviceName: Microphone hr: 0x0 lasterror: 0
[2026-07-20 19:29:28.244] [rz] [error] CRzCamyAudioDevice::GetEndpoint bIsCapture: 1 deviceName: Service hr: 0x0 lasterror: 0
[2026-07-20 19:29:28.246] [rz] [error] CRzCamyAudioDevice::GetEndpoint bIsCapture: 0 deviceName: Headphones hr: 0x0 lasterror: 0
[2026-07-20 19:29:28.246] [rz] [error] CRzCamyAudioDevice::AcquireWindowsAudioControls Failed to Acquire. Retrying... !!!
[2026-07-20 19:29:29.248] [rz] [error] CRzCamyAudioDevice::GetEndpoint bIsCapture: 1 deviceName: Microphone hr: 0x0 lasterror: 0
[2026-07-20 19:29:29.248] [rz] [error] CRzCamyAudioDevice::GetEndpoint bIsCapture: 1 deviceName: Service hr: 0x0 lasterror: 0
[2026-07-20 19:29:29.251] [rz] [error] CRzCamyAudioDevice::GetEndpoint bIsCapture: 0 deviceName: Headphones hr: 0x0 lasterror: 0
[2026-07-20 19:29:29.251] [rz] [error] CRzCamyAudioDevice::AcquireWindowsAudioControls Failed to Acquire. Retrying... !!!
[2026-07-20 19:29:30.252] [rz] [info] CRzCamyAudioDevice::GetEndpoint Microphone is mismatched with: Service (Do not use) (2- Razer Seiren V3 Pro) 
[2026-07-20 19:29:30.252] [rz] [info] CRzCamyAudioDevice::GetEndpoint Microphone found
[2026-07-20 19:29:30.254] [rz] [info] CRzCamyAudioDevice::GetEndpoint Service found
[2026-07-20 19:29:30.258] [rz] [info] CRzCamyAudioDevice::GetEndpoint Headphones found
[2026-07-20 19:29:30.259] [rz] [info] CRzCamyAudioDevice::AcquireWindowsAudioControls acquire MicVolume and HPVolume successfully
[2026-07-20 19:29:30.259] [rz] [info] CRzCamyAudioDevice::AcquireWindowsAudioControls Done.
[2026-07-20 19:29:30.259] [rz] [info] CamyNative::DeviceInitialize containerId: {6AAC826E-DACA-5976-A233-9A3F6F75C061} r: true.
[2026-07-20 19:29:30.262] [rz] [info] CRzCamyAudioDevice::GetMode Current Mode: Basic
[2026-07-20 19:29:30.262] [rz] [info] CamyNative::GetMode containerId: {6AAC826E-DACA-5976-A233-9A3F6F75C061} result: 0
[2026-07-20 19:29:30.263] [rz] [info] CamyNative::SetLevelMeterEnable bEnable: 1 result: true
[2026-07-20 19:29:30.976] [rz] [info] CCamyDevice::SetMasterSampleRate =>
[2026-07-20 19:29:30.976] [rz] [info] CRzCamyAudioDevice::SetMasterSampleRate no need to update sampleRate as 48000 is the same as current one.
[2026-07-20 19:29:30.976] [rz] [info] CCamyDevice::SetMasterSampleRate =><=
[2026-07-20 19:29:30.976] [rz] [info] CRzCamyAudioDevice::GetMode Current Mode: Basic
[2026-07-20 19:29:30.976] [rz] [info] CamyNative::SetMasterSampleRate uSampleRate: 48000 take: 0ms result: true
[2026-07-20 19:29:30.985] [rz] [info] CamyNative::GetDeviceVolume Device_HP - uLevel: 70
[2026-07-20 19:29:30.986] [rz] [info] CamyNative::GetDeviceMute Device_HP - bMuted: false
[2026-07-20 19:29:30.987] [rz] [info] CamyNative::GetDeviceVolume Device_Mic - uLevel: 100
[2026-07-20 19:29:30.988] [rz] [info] CamyNative::GetDeviceMute Device_Mic - bMuted: false
[2026-07-20 19:29:31.060] [rz] [info] CamyNative::GetDeviceVolume Device_HP - uLevel: 70
[2026-07-20 19:29:31.061] [rz] [info] CamyNative::GetDeviceMute Device_HP - bMuted: false
[2026-07-20 19:29:31.064] [rz] [info] CamyNative::GetDeviceVolume Device_Mic - uLevel: 100
[2026-07-20 19:29:31.065] [rz] [info] CamyNative::GetDeviceMute Device_Mic - bMuted: false
[2026-07-20 19:29:31.708] [rz] [info] CCamyDevice::SetMasterSampleRate =>
[2026-07-20 19:29:31.708] [rz] [info] CRzCamyAudioDevice::SetMasterSampleRate no need to update sampleRate as 48000 is the same as current one.
[2026-07-20 19:29:31.708] [rz] [info] CCamyDevice::SetMasterSampleRate =><=
[2026-07-20 19:29:31.708] [rz] [info] CRzCamyAudioDevice::GetMode Current Mode: Basic
[2026-07-20 19:29:31.708] [rz] [info] CamyNative::SetMasterSampleRate uSampleRate: 48000 take: 0ms result: true
[2026-07-20 20:07:13.764] [rz] [info] CamyNative::DeviceTerminate containerId: {6AAC826E-DACA-5976-A233-9A3F6F75C061} device removed.
[2026-07-20 20:07:13.765] [rz] [info] CCamyDevice::~CCamyDevice =>
[2026-07-20 20:07:13.766] [rz] [info] CCamyDevice::DisconnectDevice Disconnect done
[2026-07-20 20:07:13.766] [rz] [info] CCamyDevice::~CCamyDevice =><=
[2026-07-20 20:07:13.766] [rz] [info] Releasing Windows Audio Controls...
[2026-07-20 22:17:10.549] [rz] [info] TUsbAudio Info:
[2026-07-20 22:17:10.549] [rz] [info] 	 DeviceOutput: 3
[2026-07-20 22:17:10.549] [rz] [info] CRzCamyAudioDevice::AddIODevice Adding : Device_HP, Pin: 5, StartChannel: 0, NumChannel: 2
[2026-07-20 22:17:10.549] [rz] [info] 	 Volume Info - Device_HP: Min: -16384, Max: 0, Step: 1 FU: 3
[2026-07-20 22:17:10.549] [rz] [info] 	 AppRecording: 3
[2026-07-20 22:17:10.549] [rz] [info] CRzCamyAudioDevice::AddIODevice Adding : Microphone, Pin: 4, StartChannel: 0, NumChannel: 1
[2026-07-20 22:17:10.549] [rz] [info] 	 AppRecordingVirtual: 4
[2026-07-20 22:17:10.549] [rz] [info] CRzCamyAudioDevice::AddIODevice Adding : StreamMix, Pin: 6, StartChannel: 0, NumChannel: 2
[2026-07-20 22:17:10.549] [rz] [info] CRzCamyAudioDevice::AddIODevice Adding : PlaybackMix, Pin: 6, StartChannel: 2, NumChannel: 2
[2026-07-20 22:17:10.549] [rz] [info] 	 AppPlayback: 3
[2026-07-20 22:17:10.549] [rz] [info] CRzCamyAudioDevice::AddIODevice Adding : Headphones, Pin: 0, StartChannel: 0, NumChannel: 2
[2026-07-20 22:17:10.549] [rz] [info] 	 DeviceInput: 3
[2026-07-20 22:17:10.549] [rz] [info] CRzCamyAudioDevice::AddIODevice Adding : Device_Mic, Pin: 1, StartChannel: 0, NumChannel: 1
[2026-07-20 22:17:10.549] [rz] [info] 	 Volume Info - Device_Mic: Min: 0, Max: 9216, Step: 1 FU: 7
[2026-07-20 22:17:10.549] [rz] [info] CRzCamyAudioDevice::AddIODevice Adding : Device_MicDry, Pin: 1, StartChannel: 1, NumChannel: 1
[2026-07-20 22:17:10.549] [rz] [info] 	 Volume Info - Device_MicDry: Min: 0, Max: 9216, Step: 1 FU: 7
[2026-07-20 22:17:10.550] [rz] [info] CRzCamyAudioDevice::AddIODevice Adding : Device_MicPostExp, Pin: 1, StartChannel: 2, NumChannel: 1
[2026-07-20 22:17:10.550] [rz] [info] 	 Volume Info - Device_MicPostExp: Min: 0, Max: 9216, Step: 1 FU: 7
[2026-07-20 22:17:10.550] [rz] [info] 	 AppPlaybackVirtual: 18
[2026-07-20 22:17:10.550] [rz] [info] CRzCamyAudioDevice::AddIODevice Adding : System, Pin: 2, StartChannel: 0, NumChannel: 2
[2026-07-20 22:17:10.550] [rz] [info] CRzCamyAudioDevice::AddIODevice Adding : Music, Pin: 2, StartChannel: 2, NumChannel: 2
[2026-07-20 22:17:10.550] [rz] [info] CRzCamyAudioDevice::AddIODevice Adding : Game, Pin: 2, StartChannel: 4, NumChannel: 2
[2026-07-20 22:17:10.550] [rz] [info] CRzCamyAudioDevice::AddIODevice Adding : VoiceChat, Pin: 2, StartChannel: 6, NumChannel: 2
[2026-07-20 22:17:10.550] [rz] [info] CRzCamyAudioDevice::AddIODevice Adding : Browser, Pin: 2, StartChannel: 8, NumChannel: 2
[2026-07-20 22:17:10.550] [rz] [info] CRzCamyAudioDevice::AddIODevice Adding : SoundEffects, Pin: 2, StartChannel: 10, NumChannel: 2
[2026-07-20 22:17:10.550] [rz] [info] CRzCamyAudioDevice::AddIODevice Adding : Aux1, Pin: 2, StartChannel: 12, NumChannel: 2
[2026-07-20 22:17:10.550] [rz] [info] CRzCamyAudioDevice::AddIODevice Adding : Aux2, Pin: 2, StartChannel: 14, NumChannel: 2
[2026-07-20 22:17:10.550] [rz] [info] CRzCamyAudioDevice::AddIODevice Adding : Aux3, Pin: 2, StartChannel: 16, NumChannel: 2
[2026-07-20 22:17:10.550] [rz] [info] CRzCamyAudioDevice::GetMode Current Mode: Basic
[2026-07-20 22:17:10.550] [rz] [info] Acquiring Windows Audio Controls...
[2026-07-20 22:17:10.554] [rz] [error] CRzCamyAudioDevice::GetEndpoint bIsCapture: 1 deviceName: Microphone hr: 0x0 lasterror: 0
[2026-07-20 22:17:10.558] [rz] [error] CRzCamyAudioDevice::GetEndpoint bIsCapture: 1 deviceName: Service hr: 0x0 lasterror: 0
[2026-07-20 22:17:10.571] [rz] [error] CRzCamyAudioDevice::GetEndpoint bIsCapture: 0 deviceName: Headphones hr: 0x0 lasterror: 0
[2026-07-20 22:17:10.571] [rz] [error] CRzCamyAudioDevice::AcquireWindowsAudioControls Failed to Acquire. Retrying... !!!
[2026-07-20 22:17:11.573] [rz] [error] CRzCamyAudioDevice::GetEndpoint bIsCapture: 1 deviceName: Microphone hr: 0x0 lasterror: 0
[2026-07-20 22:17:11.573] [rz] [error] CRzCamyAudioDevice::GetEndpoint bIsCapture: 1 deviceName: Service hr: 0x0 lasterror: 0
[2026-07-20 22:17:11.576] [rz] [error] CRzCamyAudioDevice::GetEndpoint bIsCapture: 0 deviceName: Headphones hr: 0x0 lasterror: 0
[2026-07-20 22:17:11.576] [rz] [error] CRzCamyAudioDevice::AcquireWindowsAudioControls Failed to Acquire. Retrying... !!!
[2026-07-20 22:17:12.580] [rz] [info] CRzCamyAudioDevice::GetEndpoint Microphone is mismatched with: Service (Do not use) (2- Razer Seiren V3 Pro) 
[2026-07-20 22:17:12.580] [rz] [info] CRzCamyAudioDevice::GetEndpoint Microphone found
[2026-07-20 22:17:12.582] [rz] [info] CRzCamyAudioDevice::GetEndpoint Service found
[2026-07-20 22:17:12.587] [rz] [info] CRzCamyAudioDevice::GetEndpoint Headphones found
[2026-07-20 22:17:12.588] [rz] [info] CRzCamyAudioDevice::AcquireWindowsAudioControls acquire MicVolume and HPVolume successfully
[2026-07-20 22:17:12.588] [rz] [info] CRzCamyAudioDevice::AcquireWindowsAudioControls Done.
[2026-07-20 22:17:12.588] [rz] [info] CamyNative::DeviceInitialize containerId: {6AAC826E-DACA-5976-A233-9A3F6F75C061} r: true.
[2026-07-20 22:17:12.591] [rz] [info] CRzCamyAudioDevice::GetMode Current Mode: Basic
[2026-07-20 22:17:12.591] [rz] [info] CamyNative::GetMode containerId: {6AAC826E-DACA-5976-A233-9A3F6F75C061} result: 0
[2026-07-20 22:17:12.592] [rz] [info] CamyNative::SetLevelMeterEnable bEnable: 1 result: true
[2026-07-20 22:17:13.276] [rz] [info] CCamyDevice::SetMasterSampleRate =>
[2026-07-20 22:17:13.276] [rz] [info] CRzCamyAudioDevice::SetMasterSampleRate no need to update sampleRate as 48000 is the same as current one.
[2026-07-20 22:17:13.276] [rz] [info] CCamyDevice::SetMasterSampleRate =><=
[2026-07-20 22:17:13.276] [rz] [info] CRzCamyAudioDevice::GetMode Current Mode: Basic
[2026-07-20 22:17:13.276] [rz] [info] CamyNative::SetMasterSampleRate uSampleRate: 48000 take: 0ms result: true
[2026-07-20 22:17:13.287] [rz] [info] CamyNative::GetDeviceVolume Device_HP - uLevel: 70
[2026-07-20 22:17:13.287] [rz] [info] CamyNative::GetDeviceMute Device_HP - bMuted: false
[2026-07-20 22:17:13.288] [rz] [info] CamyNative::GetDeviceVolume Device_Mic - uLevel: 100
[2026-07-20 22:17:13.289] [rz] [info] CamyNative::GetDeviceMute Device_Mic - bMuted: false
[2026-07-20 22:17:13.357] [rz] [info] CamyNative::GetDeviceVolume Device_HP - uLevel: 70
[2026-07-20 22:17:13.358] [rz] [info] CamyNative::GetDeviceMute Device_HP - bMuted: false
[2026-07-20 22:17:13.358] [rz] [info] CamyNative::GetDeviceVolume Device_Mic - uLevel: 100
[2026-07-20 22:17:13.359] [rz] [info] CamyNative::GetDeviceMute Device_Mic - bMuted: false
[2026-07-20 22:17:14.137] [rz] [info] CCamyDevice::SetMasterSampleRate =>
[2026-07-20 22:17:14.137] [rz] [info] CRzCamyAudioDevice::SetMasterSampleRate no need to update sampleRate as 48000 is the same as current one.
[2026-07-20 22:17:14.137] [rz] [info] CCamyDevice::SetMasterSampleRate =><=
[2026-07-20 22:17:14.137] [rz] [info] CRzCamyAudioDevice::GetMode Current Mode: Basic
[2026-07-20 22:17:14.137] [rz] [info] CamyNative::SetMasterSampleRate uSampleRate: 48000 take: 0ms result: true
[2026-07-21 01:13:09.137] [rz] [info] CamyNative::DeviceTerminate containerId: {6AAC826E-DACA-5976-A233-9A3F6F75C061} device removed.
[2026-07-21 01:13:09.139] [rz] [info] CCamyDevice::~CCamyDevice =>
[2026-07-21 01:13:09.141] [rz] [info] CCamyDevice::DisconnectDevice Disconnect done
[2026-07-21 01:13:09.141] [rz] [info] CCamyDevice::~CCamyDevice =><=
[2026-07-21 01:13:09.141] [rz] [info] Releasing Windows Audio Controls...
[2026-07-21 01:13:09.705] [rz] [info] => DLL_PROCESS_DETACH =>
[2026-07-21 01:13:09.705] [rz] [info] CCamyDevicesManager::~CCamyDevicesManager =>
[2026-07-21 01:13:09.705] [rz] [info] CCamyDevicesManager::~CCamyDevicesManager =><=
[2026-07-21 01:13:09.705] [rz] [info] CThreadExecutor::~CThreadExecutor =>
[2026-07-21 01:13:09.705] [rz] [info] CThreadExecutor::~CThreadExecutor =><=
[2026-07-21 01:13:09.705] [rz] [info] => DLL_PROCESS_DETACH =><=
[2026-07-21 13:07:40.057] [rz] [info] => DLL_PROCESS_ATTACH
[2026-07-21 13:07:40.057] [rz] [info] DLL version: 1.0.12.0
[2026-07-21 13:07:40.061] [rz] [info] CThreadExecutor::RunThread =>
[2026-07-21 13:07:40.165] [rz] [info] TUsbAudio Info:
[2026-07-21 13:07:40.165] [rz] [info] 	 DeviceOutput: 3
[2026-07-21 13:07:40.165] [rz] [info] CRzCamyAudioDevice::AddIODevice Adding : Device_HP, Pin: 5, StartChannel: 0, NumChannel: 2
[2026-07-21 13:07:40.165] [rz] [info] 	 Volume Info - Device_HP: Min: -16384, Max: 0, Step: 1 FU: 3
[2026-07-21 13:07:40.165] [rz] [info] 	 AppRecording: 3
[2026-07-21 13:07:40.165] [rz] [info] CRzCamyAudioDevice::AddIODevice Adding : Microphone, Pin: 4, StartChannel: 0, NumChannel: 1
[2026-07-21 13:07:40.165] [rz] [info] 	 AppRecordingVirtual: 4
[2026-07-21 13:07:40.165] [rz] [info] CRzCamyAudioDevice::AddIODevice Adding : StreamMix, Pin: 6, StartChannel: 0, NumChannel: 2
[2026-07-21 13:07:40.165] [rz] [info] CRzCamyAudioDevice::AddIODevice Adding : PlaybackMix, Pin: 6, StartChannel: 2, NumChannel: 2
[2026-07-21 13:07:40.165] [rz] [info] 	 AppPlayback: 3
[2026-07-21 13:07:40.165] [rz] [info] CRzCamyAudioDevice::AddIODevice Adding : Headphones, Pin: 0, StartChannel: 0, NumChannel: 2
[2026-07-21 13:07:40.165] [rz] [info] 	 DeviceInput: 3
[2026-07-21 13:07:40.165] [rz] [info] CRzCamyAudioDevice::AddIODevice Adding : Device_Mic, Pin: 1, StartChannel: 0, NumChannel: 1
[2026-07-21 13:07:40.165] [rz] [info] 	 Volume Info - Device_Mic: Min: 0, Max: 9216, Step: 1 FU: 7
[2026-07-21 13:07:40.165] [rz] [info] CRzCamyAudioDevice::AddIODevice Adding : Device_MicDry, Pin: 1, StartChannel: 1, NumChannel: 1
[2026-07-21 13:07:40.165] [rz] [info] 	 Volume Info - Device_MicDry: Min: 0, Max: 9216, Step: 1 FU: 7
[2026-07-21 13:07:40.165] [rz] [info] CRzCamyAudioDevice::AddIODevice Adding : Device_MicPostExp, Pin: 1, StartChannel: 2, NumChannel: 1
[2026-07-21 13:07:40.165] [rz] [info] 	 Volume Info - Device_MicPostExp: Min: 0, Max: 9216, Step: 1 FU: 7
[2026-07-21 13:07:40.165] [rz] [info] 	 AppPlaybackVirtual: 18
[2026-07-21 13:07:40.165] [rz] [info] CRzCamyAudioDevice::AddIODevice Adding : System, Pin: 2, StartChannel: 0, NumChannel: 2
[2026-07-21 13:07:40.165] [rz] [info] CRzCamyAudioDevice::AddIODevice Adding : Music, Pin: 2, StartChannel: 2, NumChannel: 2
[2026-07-21 13:07:40.165] [rz] [info] CRzCamyAudioDevice::AddIODevice Adding : Game, Pin: 2, StartChannel: 4, NumChannel: 2
[2026-07-21 13:07:40.165] [rz] [info] CRzCamyAudioDevice::AddIODevice Adding : VoiceChat, Pin: 2, StartChannel: 6, NumChannel: 2
[2026-07-21 13:07:40.165] [rz] [info] CRzCamyAudioDevice::AddIODevice Adding : Browser, Pin: 2, StartChannel: 8, NumChannel: 2
[2026-07-21 13:07:40.165] [rz] [info] CRzCamyAudioDevice::AddIODevice Adding : SoundEffects, Pin: 2, StartChannel: 10, NumChannel: 2
[2026-07-21 13:07:40.165] [rz] [info] CRzCamyAudioDevice::AddIODevice Adding : Aux1, Pin: 2, StartChannel: 12, NumChannel: 2
[2026-07-21 13:07:40.165] [rz] [info] CRzCamyAudioDevice::AddIODevice Adding : Aux2, Pin: 2, StartChannel: 14, NumChannel: 2
[2026-07-21 13:07:40.165] [rz] [info] CRzCamyAudioDevice::AddIODevice Adding : Aux3, Pin: 2, StartChannel: 16, NumChannel: 2
[2026-07-21 13:07:40.165] [rz] [info] CRzCamyAudioDevice::GetMode Current Mode: Basic
[2026-07-21 13:07:40.165] [rz] [info] Acquiring Windows Audio Controls...
[2026-07-21 13:07:40.167] [rz] [info] CRzCamyAudioDevice::GetEndpoint Microphone is mismatched with: Service (Do not use) (2- Razer Seiren V3 Pro) 
[2026-07-21 13:07:40.167] [rz] [info] CRzCamyAudioDevice::GetEndpoint Microphone found
[2026-07-21 13:07:40.170] [rz] [info] CRzCamyAudioDevice::GetEndpoint Service found
[2026-07-21 13:07:40.172] [rz] [info] CRzCamyAudioDevice::GetEndpoint Headphones found
[2026-07-21 13:07:40.174] [rz] [info] CRzCamyAudioDevice::AcquireWindowsAudioControls acquire MicVolume and HPVolume successfully
[2026-07-21 13:07:40.174] [rz] [info] CRzCamyAudioDevice::AcquireWindowsAudioControls Done.
[2026-07-21 13:07:40.174] [rz] [info] CamyNative::DeviceInitialize containerId: {6AAC826E-DACA-5976-A233-9A3F6F75C061} r: true.
[2026-07-21 13:07:40.285] [rz] [info] CRzCamyAudioDevice::GetMode Current Mode: Basic
[2026-07-21 13:07:40.285] [rz] [info] CamyNative::GetMode containerId: {6AAC826E-DACA-5976-A233-9A3F6F75C061} result: 0
[2026-07-21 13:07:40.286] [rz] [info] CamyNative::SetLevelMeterEnable bEnable: 1 result: true
[2026-07-21 13:07:41.062] [rz] [info] CCamyDevice::SetMasterSampleRate =>
[2026-07-21 13:07:41.062] [rz] [info] CRzCamyAudioDevice::SetMasterSampleRate no need to update sampleRate as 48000 is the same as current one.
[2026-07-21 13:07:41.062] [rz] [info] CCamyDevice::SetMasterSampleRate =><=
[2026-07-21 13:07:41.062] [rz] [info] CRzCamyAudioDevice::GetMode Current Mode: Basic
[2026-07-21 13:07:41.062] [rz] [info] CamyNative::SetMasterSampleRate uSampleRate: 48000 take: 0ms result: true
[2026-07-21 13:07:41.071] [rz] [info] CamyNative::GetDeviceVolume Device_HP - uLevel: 70
[2026-07-21 13:07:41.072] [rz] [info] CamyNative::GetDeviceMute Device_HP - bMuted: false
[2026-07-21 13:07:41.072] [rz] [info] CamyNative::GetDeviceVolume Device_Mic - uLevel: 100
[2026-07-21 13:07:41.073] [rz] [info] CamyNative::GetDeviceMute Device_Mic - bMuted: false
[2026-07-21 13:07:41.139] [rz] [info] CamyNative::GetDeviceVolume Device_HP - uLevel: 70
[2026-07-21 13:07:41.139] [rz] [info] CamyNative::GetDeviceMute Device_HP - bMuted: false
[2026-07-21 13:07:41.140] [rz] [info] CamyNative::GetDeviceVolume Device_Mic - uLevel: 100
[2026-07-21 13:07:41.141] [rz] [info] CamyNative::GetDeviceMute Device_Mic - bMuted: false
[2026-07-21 13:07:41.795] [rz] [info] CCamyDevice::SetMasterSampleRate =>
[2026-07-21 13:07:41.795] [rz] [info] CRzCamyAudioDevice::SetMasterSampleRate no need to update sampleRate as 48000 is the same as current one.
[2026-07-21 13:07:41.795] [rz] [info] CCamyDevice::SetMasterSampleRate =><=
[2026-07-21 13:07:41.795] [rz] [info] CRzCamyAudioDevice::GetMode Current Mode: Basic
[2026-07-21 13:07:41.796] [rz] [info] CamyNative::SetMasterSampleRate uSampleRate: 48000 take: 0ms result: true
[2026-07-21 13:56:01.653] [rz] [info] CamyNative::DeviceTerminate containerId: {6AAC826E-DACA-5976-A233-9A3F6F75C061} device removed.
[2026-07-21 13:56:01.654] [rz] [info] CCamyDevice::~CCamyDevice =>
[2026-07-21 13:56:01.654] [rz] [info] CCamyDevice::DisconnectDevice Disconnect done
[2026-07-21 13:56:01.654] [rz] [info] CCamyDevice::~CCamyDevice =><=
[2026-07-21 13:56:01.654] [rz] [info] Releasing Windows Audio Controls...
[2026-07-21 13:56:04.205] [rz] [info] TUsbAudio Info:
[2026-07-21 13:56:04.205] [rz] [info] 	 DeviceOutput: 3
[2026-07-21 13:56:04.205] [rz] [info] CRzCamyAudioDevice::AddIODevice Adding : Device_HP, Pin: 5, StartChannel: 0, NumChannel: 2
[2026-07-21 13:56:04.205] [rz] [info] 	 Volume Info - Device_HP: Min: -16384, Max: 0, Step: 1 FU: 3
[2026-07-21 13:56:04.205] [rz] [info] 	 AppRecording: 3
[2026-07-21 13:56:04.205] [rz] [info] CRzCamyAudioDevice::AddIODevice Adding : Microphone, Pin: 4, StartChannel: 0, NumChannel: 1
[2026-07-21 13:56:04.205] [rz] [info] 	 AppRecordingVirtual: 4
[2026-07-21 13:56:04.205] [rz] [info] CRzCamyAudioDevice::AddIODevice Adding : StreamMix, Pin: 6, StartChannel: 0, NumChannel: 2
[2026-07-21 13:56:04.205] [rz] [info] CRzCamyAudioDevice::AddIODevice Adding : PlaybackMix, Pin: 6, StartChannel: 2, NumChannel: 2
[2026-07-21 13:56:04.205] [rz] [info] 	 AppPlayback: 3
[2026-07-21 13:56:04.205] [rz] [info] CRzCamyAudioDevice::AddIODevice Adding : Headphones, Pin: 0, StartChannel: 0, NumChannel: 2
[2026-07-21 13:56:04.205] [rz] [info] 	 DeviceInput: 3
[2026-07-21 13:56:04.205] [rz] [info] CRzCamyAudioDevice::AddIODevice Adding : Device_Mic, Pin: 1, StartChannel: 0, NumChannel: 1
[2026-07-21 13:56:04.205] [rz] [info] 	 Volume Info - Device_Mic: Min: 0, Max: 9216, Step: 1 FU: 7
[2026-07-21 13:56:04.205] [rz] [info] CRzCamyAudioDevice::AddIODevice Adding : Device_MicDry, Pin: 1, StartChannel: 1, NumChannel: 1
[2026-07-21 13:56:04.205] [rz] [info] 	 Volume Info - Device_MicDry: Min: 0, Max: 9216, Step: 1 FU: 7
[2026-07-21 13:56:04.205] [rz] [info] CRzCamyAudioDevice::AddIODevice Adding : Device_MicPostExp, Pin: 1, StartChannel: 2, NumChannel: 1
[2026-07-21 13:56:04.205] [rz] [info] 	 Volume Info - Device_MicPostExp: Min: 0, Max: 9216, Step: 1 FU: 7
[2026-07-21 13:56:04.205] [rz] [info] 	 AppPlaybackVirtual: 18
[2026-07-21 13:56:04.205] [rz] [info] CRzCamyAudioDevice::AddIODevice Adding : System, Pin: 2, StartChannel: 0, NumChannel: 2
[2026-07-21 13:56:04.205] [rz] [info] CRzCamyAudioDevice::AddIODevice Adding : Music, Pin: 2, StartChannel: 2, NumChannel: 2
[2026-07-21 13:56:04.205] [rz] [info] CRzCamyAudioDevice::AddIODevice Adding : Game, Pin: 2, StartChannel: 4, NumChannel: 2
[2026-07-21 13:56:04.205] [rz] [info] CRzCamyAudioDevice::AddIODevice Adding : VoiceChat, Pin: 2, StartChannel: 6, NumChannel: 2
[2026-07-21 13:56:04.205] [rz] [info] CRzCamyAudioDevice::AddIODevice Adding : Browser, Pin: 2, StartChannel: 8, NumChannel: 2
[2026-07-21 13:56:04.205] [rz] [info] CRzCamyAudioDevice::AddIODevice Adding : SoundEffects, Pin: 2, StartChannel: 10, NumChannel: 2
[2026-07-21 13:56:04.205] [rz] [info] CRzCamyAudioDevice::AddIODevice Adding : Aux1, Pin: 2, StartChannel: 12, NumChannel: 2
[2026-07-21 13:56:04.205] [rz] [info] CRzCamyAudioDevice::AddIODevice Adding : Aux2, Pin: 2, StartChannel: 14, NumChannel: 2
[2026-07-21 13:56:04.205] [rz] [info] CRzCamyAudioDevice::AddIODevice Adding : Aux3, Pin: 2, StartChannel: 16, NumChannel: 2
[2026-07-21 13:56:04.205] [rz] [info] CRzCamyAudioDevice::GetMode Current Mode: Basic
[2026-07-21 13:56:04.206] [rz] [info] Acquiring Windows Audio Controls...
[2026-07-21 13:56:04.206] [rz] [error] CRzCamyAudioDevice::GetEndpoint bIsCapture: 1 deviceName: Microphone hr: 0x0 lasterror: 0
[2026-07-21 13:56:04.206] [rz] [error] CRzCamyAudioDevice::GetEndpoint bIsCapture: 1 deviceName: Service hr: 0x0 lasterror: 0
[2026-07-21 13:56:04.208] [rz] [error] CRzCamyAudioDevice::GetEndpoint bIsCapture: 0 deviceName: Headphones hr: 0x0 lasterror: 0
[2026-07-21 13:56:04.208] [rz] [error] CRzCamyAudioDevice::AcquireWindowsAudioControls Failed to Acquire. Retrying... !!!
[2026-07-21 13:56:05.211] [rz] [error] CRzCamyAudioDevice::GetEndpoint bIsCapture: 1 deviceName: Microphone hr: 0x0 lasterror: 0
[2026-07-21 13:56:05.212] [rz] [error] CRzCamyAudioDevice::GetEndpoint bIsCapture: 1 deviceName: Service hr: 0x0 lasterror: 0
[2026-07-21 13:56:05.216] [rz] [error] CRzCamyAudioDevice::GetEndpoint bIsCapture: 0 deviceName: Headphones hr: 0x0 lasterror: 0
[2026-07-21 13:56:05.216] [rz] [error] CRzCamyAudioDevice::AcquireWindowsAudioControls Failed to Acquire. Retrying... !!!
[2026-07-21 13:56:06.218] [rz] [info] CRzCamyAudioDevice::GetEndpoint Microphone is mismatched with: Service (Do not use) (2- Razer Seiren V3 Pro) 
[2026-07-21 13:56:06.218] [rz] [info] CRzCamyAudioDevice::GetEndpoint Microphone found
[2026-07-21 13:56:06.220] [rz] [info] CRzCamyAudioDevice::GetEndpoint Service found
[2026-07-21 13:56:06.222] [rz] [info] CRzCamyAudioDevice::GetEndpoint Headphones found
[2026-07-21 13:56:06.223] [rz] [info] CRzCamyAudioDevice::AcquireWindowsAudioControls acquire MicVolume and HPVolume successfully
[2026-07-21 13:56:06.223] [rz] [info] CRzCamyAudioDevice::AcquireWindowsAudioControls Done.
[2026-07-21 13:56:06.223] [rz] [info] CamyNative::DeviceInitialize containerId: {6AAC826E-DACA-5976-A233-9A3F6F75C061} r: true.
[2026-07-21 13:56:06.226] [rz] [info] CRzCamyAudioDevice::GetMode Current Mode: Basic
[2026-07-21 13:56:06.226] [rz] [info] CamyNative::GetMode containerId: {6AAC826E-DACA-5976-A233-9A3F6F75C061} result: 0
[2026-07-21 13:56:06.227] [rz] [info] CamyNative::SetLevelMeterEnable bEnable: 1 result: true
[2026-07-21 13:56:09.150] [rz] [info] CamyNative::DeviceTerminate containerId: {6AAC826E-DACA-5976-A233-9A3F6F75C061} device removed.
[2026-07-21 13:56:09.150] [rz] [info] CCamyDevice::~CCamyDevice =>
[2026-07-21 13:56:09.151] [rz] [info] CCamyDevice::DisconnectDevice Disconnect done
[2026-07-21 13:56:09.151] [rz] [info] CCamyDevice::~CCamyDevice =><=
[2026-07-21 13:56:09.151] [rz] [info] Releasing Windows Audio Controls...
[2026-07-21 22:12:33.439] [rz] [info] TUsbAudio Info:
[2026-07-21 22:12:33.439] [rz] [info] 	 DeviceOutput: 3
[2026-07-21 22:12:33.439] [rz] [info] CRzCamyAudioDevice::AddIODevice Adding : Device_HP, Pin: 5, StartChannel: 0, NumChannel: 2
[2026-07-21 22:12:33.439] [rz] [info] 	 Volume Info - Device_HP: Min: -16384, Max: 0, Step: 1 FU: 3
[2026-07-21 22:12:33.439] [rz] [info] 	 AppRecording: 3
[2026-07-21 22:12:33.439] [rz] [info] CRzCamyAudioDevice::AddIODevice Adding : Microphone, Pin: 4, StartChannel: 0, NumChannel: 1
[2026-07-21 22:12:33.439] [rz] [info] 	 AppRecordingVirtual: 4
[2026-07-21 22:12:33.439] [rz] [info] CRzCamyAudioDevice::AddIODevice Adding : StreamMix, Pin: 6, StartChannel: 0, NumChannel: 2
[2026-07-21 22:12:33.439] [rz] [info] CRzCamyAudioDevice::AddIODevice Adding : PlaybackMix, Pin: 6, StartChannel: 2, NumChannel: 2
[2026-07-21 22:12:33.439] [rz] [info] 	 AppPlayback: 3
[2026-07-21 22:12:33.439] [rz] [info] CRzCamyAudioDevice::AddIODevice Adding : Headphones, Pin: 0, StartChannel: 0, NumChannel: 2
[2026-07-21 22:12:33.439] [rz] [info] 	 DeviceInput: 3
[2026-07-21 22:12:33.439] [rz] [info] CRzCamyAudioDevice::AddIODevice Adding : Device_Mic, Pin: 1, StartChannel: 0, NumChannel: 1
[2026-07-21 22:12:33.439] [rz] [info] 	 Volume Info - Device_Mic: Min: 0, Max: 9216, Step: 1 FU: 7
[2026-07-21 22:12:33.439] [rz] [info] CRzCamyAudioDevice::AddIODevice Adding : Device_MicDry, Pin: 1, StartChannel: 1, NumChannel: 1
[2026-07-21 22:12:33.439] [rz] [info] 	 Volume Info - Device_MicDry: Min: 0, Max: 9216, Step: 1 FU: 7
[2026-07-21 22:12:33.440] [rz] [info] CRzCamyAudioDevice::AddIODevice Adding : Device_MicPostExp, Pin: 1, StartChannel: 2, NumChannel: 1
[2026-07-21 22:12:33.440] [rz] [info] 	 Volume Info - Device_MicPostExp: Min: 0, Max: 9216, Step: 1 FU: 7
[2026-07-21 22:12:33.440] [rz] [info] 	 AppPlaybackVirtual: 18
[2026-07-21 22:12:33.440] [rz] [info] CRzCamyAudioDevice::AddIODevice Adding : System, Pin: 2, StartChannel: 0, NumChannel: 2
[2026-07-21 22:12:33.440] [rz] [info] CRzCamyAudioDevice::AddIODevice Adding : Music, Pin: 2, StartChannel: 2, NumChannel: 2
[2026-07-21 22:12:33.440] [rz] [info] CRzCamyAudioDevice::AddIODevice Adding : Game, Pin: 2, StartChannel: 4, NumChannel: 2
[2026-07-21 22:12:33.440] [rz] [info] CRzCamyAudioDevice::AddIODevice Adding : VoiceChat, Pin: 2, StartChannel: 6, NumChannel: 2
[2026-07-21 22:12:33.440] [rz] [info] CRzCamyAudioDevice::AddIODevice Adding : Browser, Pin: 2, StartChannel: 8, NumChannel: 2
[2026-07-21 22:12:33.440] [rz] [info] CRzCamyAudioDevice::AddIODevice Adding : SoundEffects, Pin: 2, StartChannel: 10, NumChannel: 2
[2026-07-21 22:12:33.440] [rz] [info] CRzCamyAudioDevice::AddIODevice Adding : Aux1, Pin: 2, StartChannel: 12, NumChannel: 2
[2026-07-21 22:12:33.440] [rz] [info] CRzCamyAudioDevice::AddIODevice Adding : Aux2, Pin: 2, StartChannel: 14, NumChannel: 2
[2026-07-21 22:12:33.440] [rz] [info] CRzCamyAudioDevice::AddIODevice Adding : Aux3, Pin: 2, StartChannel: 16, NumChannel: 2
[2026-07-21 22:12:33.440] [rz] [info] CRzCamyAudioDevice::GetMode Current Mode: Basic
[2026-07-21 22:12:33.440] [rz] [info] Acquiring Windows Audio Controls...
[2026-07-21 22:12:33.442] [rz] [error] CRzCamyAudioDevice::GetEndpoint bIsCapture: 1 deviceName: Microphone hr: 0x0 lasterror: 0
[2026-07-21 22:12:33.443] [rz] [error] CRzCamyAudioDevice::GetEndpoint bIsCapture: 1 deviceName: Service hr: 0x0 lasterror: 0
[2026-07-21 22:12:33.445] [rz] [error] CRzCamyAudioDevice::GetEndpoint bIsCapture: 0 deviceName: Headphones hr: 0x0 lasterror: 0
[2026-07-21 22:12:33.445] [rz] [error] CRzCamyAudioDevice::AcquireWindowsAudioControls Failed to Acquire. Retrying... !!!
[2026-07-21 22:12:34.453] [rz] [info] CRzCamyAudioDevice::GetEndpoint Microphone is mismatched with: Service (Do not use) (2- Razer Seiren V3 Pro) 
[2026-07-21 22:12:34.454] [rz] [info] CRzCamyAudioDevice::GetEndpoint Microphone found
[2026-07-21 22:12:34.469] [rz] [info] CRzCamyAudioDevice::GetEndpoint Service found
[2026-07-21 22:12:34.488] [rz] [info] CRzCamyAudioDevice::GetEndpoint Headphones found
[2026-07-21 22:12:34.491] [rz] [info] CRzCamyAudioDevice::AcquireWindowsAudioControls acquire MicVolume and HPVolume successfully
[2026-07-21 22:12:34.491] [rz] [info] CRzCamyAudioDevice::AcquireWindowsAudioControls Done.
[2026-07-21 22:12:34.491] [rz] [info] CamyNative::DeviceInitialize containerId: {6AAC826E-DACA-5976-A233-9A3F6F75C061} r: true.
[2026-07-21 22:12:34.494] [rz] [info] CRzCamyAudioDevice::GetMode Current Mode: Basic
[2026-07-21 22:12:34.495] [rz] [info] CamyNative::GetMode containerId: {6AAC826E-DACA-5976-A233-9A3F6F75C061} result: 0
[2026-07-21 22:12:34.496] [rz] [info] CamyNative::SetLevelMeterEnable bEnable: 1 result: true
[2026-07-21 22:12:35.232] [rz] [info] CCamyDevice::SetMasterSampleRate =>
[2026-07-21 22:12:35.232] [rz] [info] CRzCamyAudioDevice::SetMasterSampleRate no need to update sampleRate as 48000 is the same as current one.
[2026-07-21 22:12:35.232] [rz] [info] CCamyDevice::SetMasterSampleRate =><=
[2026-07-21 22:12:35.232] [rz] [info] CRzCamyAudioDevice::GetMode Current Mode: Basic
[2026-07-21 22:12:35.233] [rz] [info] CamyNative::SetMasterSampleRate uSampleRate: 48000 take: 0ms result: true
[2026-07-21 22:12:35.243] [rz] [info] CamyNative::GetDeviceVolume Device_HP - uLevel: 70
[2026-07-21 22:12:35.244] [rz] [info] CamyNative::GetDeviceMute Device_HP - bMuted: false
[2026-07-21 22:12:35.244] [rz] [info] CamyNative::GetDeviceVolume Device_Mic - uLevel: 100
[2026-07-21 22:12:35.245] [rz] [info] CamyNative::GetDeviceMute Device_Mic - bMuted: false
[2026-07-21 22:12:35.312] [rz] [info] CamyNative::GetDeviceVolume Device_HP - uLevel: 70
[2026-07-21 22:12:35.312] [rz] [info] CamyNative::GetDeviceMute Device_HP - bMuted: false
[2026-07-21 22:12:35.313] [rz] [info] CamyNative::GetDeviceVolume Device_Mic - uLevel: 100
[2026-07-21 22:12:35.313] [rz] [info] CamyNative::GetDeviceMute Device_Mic - bMuted: false
[2026-07-21 22:12:35.960] [rz] [info] CCamyDevice::SetMasterSampleRate =>
[2026-07-21 22:12:35.960] [rz] [info] CRzCamyAudioDevice::SetMasterSampleRate no need to update sampleRate as 48000 is the same as current one.
[2026-07-21 22:12:35.960] [rz] [info] CCamyDevice::SetMasterSampleRate =><=
[2026-07-21 22:12:35.960] [rz] [info] CRzCamyAudioDevice::GetMode Current Mode: Basic
[2026-07-21 22:12:35.960] [rz] [info] CamyNative::SetMasterSampleRate uSampleRate: 48000 take: 0ms result: true
[2026-07-21 22:12:45.450] [rz] [info] CRzCamyAudioDevice::UpdateDeviceChange skip as Windows Audio Controls are null
[2026-07-21 23:37:39.251] [rz] [info] CamyNative::DeviceTerminate containerId: {6AAC826E-DACA-5976-A233-9A3F6F75C061} device removed.
[2026-07-21 23:37:39.252] [rz] [info] CCamyDevice::~CCamyDevice =>
[2026-07-21 23:37:39.252] [rz] [info] CCamyDevice::DisconnectDevice Disconnect done
[2026-07-21 23:37:39.252] [rz] [info] CCamyDevice::~CCamyDevice =><=
[2026-07-21 23:37:39.252] [rz] [info] Releasing Windows Audio Controls...
[2026-07-27 20:13:26.097] [rz] [info] => DLL_PROCESS_ATTACH
[2026-07-27 20:13:26.097] [rz] [info] DLL version: 1.0.12.0
[2026-07-27 20:13:26.097] [rz] [info] CThreadExecutor::RunThread =>
[2026-07-27 20:13:26.104] [rz] [info] TUsbAudio Info:
[2026-07-27 20:13:26.104] [rz] [info] 	 DeviceOutput: 3
[2026-07-27 20:13:26.104] [rz] [info] CRzCamyAudioDevice::AddIODevice Adding : Device_HP, Pin: 5, StartChannel: 0, NumChannel: 2
[2026-07-27 20:13:26.104] [rz] [info] 	 Volume Info - Device_HP: Min: -16384, Max: 0, Step: 1 FU: 3
[2026-07-27 20:13:26.104] [rz] [info] 	 AppRecording: 3
[2026-07-27 20:13:26.104] [rz] [info] CRzCamyAudioDevice::AddIODevice Adding : Microphone, Pin: 4, StartChannel: 0, NumChannel: 1
[2026-07-27 20:13:26.104] [rz] [info] 	 AppRecordingVirtual: 4
[2026-07-27 20:13:26.104] [rz] [info] CRzCamyAudioDevice::AddIODevice Adding : StreamMix, Pin: 6, StartChannel: 0, NumChannel: 2
[2026-07-27 20:13:26.104] [rz] [info] CRzCamyAudioDevice::AddIODevice Adding : PlaybackMix, Pin: 6, StartChannel: 2, NumChannel: 2
[2026-07-27 20:13:26.104] [rz] [info] 	 AppPlayback: 3
[2026-07-27 20:13:26.104] [rz] [info] CRzCamyAudioDevice::AddIODevice Adding : Headphones, Pin: 0, StartChannel: 0, NumChannel: 2
[2026-07-27 20:13:26.104] [rz] [info] 	 DeviceInput: 3
[2026-07-27 20:13:26.104] [rz] [info] CRzCamyAudioDevice::AddIODevice Adding : Device_Mic, Pin: 1, StartChannel: 0, NumChannel: 1
[2026-07-27 20:13:26.104] [rz] [info] 	 Volume Info - Device_Mic: Min: 0, Max: 9216, Step: 1 FU: 7
[2026-07-27 20:13:26.104] [rz] [info] CRzCamyAudioDevice::AddIODevice Adding : Device_MicDry, Pin: 1, StartChannel: 1, NumChannel: 1
[2026-07-27 20:13:26.104] [rz] [info] 	 Volume Info - Device_MicDry: Min: 0, Max: 9216, Step: 1 FU: 7
[2026-07-27 20:13:26.104] [rz] [info] CRzCamyAudioDevice::AddIODevice Adding : Device_MicPostExp, Pin: 1, StartChannel: 2, NumChannel: 1
[2026-07-27 20:13:26.104] [rz] [info] 	 Volume Info - Device_MicPostExp: Min: 0, Max: 9216, Step: 1 FU: 7
[2026-07-27 20:13:26.104] [rz] [info] 	 AppPlaybackVirtual: 18
[2026-07-27 20:13:26.104] [rz] [info] CRzCamyAudioDevice::AddIODevice Adding : System, Pin: 2, StartChannel: 0, NumChannel: 2
[2026-07-27 20:13:26.104] [rz] [info] CRzCamyAudioDevice::AddIODevice Adding : Music, Pin: 2, StartChannel: 2, NumChannel: 2
[2026-07-27 20:13:26.104] [rz] [info] CRzCamyAudioDevice::AddIODevice Adding : Game, Pin: 2, StartChannel: 4, NumChannel: 2
[2026-07-27 20:13:26.104] [rz] [info] CRzCamyAudioDevice::AddIODevice Adding : VoiceChat, Pin: 2, StartChannel: 6, NumChannel: 2
[2026-07-27 20:13:26.104] [rz] [info] CRzCamyAudioDevice::AddIODevice Adding : Browser, Pin: 2, StartChannel: 8, NumChannel: 2
[2026-07-27 20:13:26.104] [rz] [info] CRzCamyAudioDevice::AddIODevice Adding : SoundEffects, Pin: 2, StartChannel: 10, NumChannel: 2
[2026-07-27 20:13:26.104] [rz] [info] CRzCamyAudioDevice::AddIODevice Adding : Aux1, Pin: 2, StartChannel: 12, NumChannel: 2
[2026-07-27 20:13:26.104] [rz] [info] CRzCamyAudioDevice::AddIODevice Adding : Aux2, Pin: 2, StartChannel: 14, NumChannel: 2
[2026-07-27 20:13:26.105] [rz] [info] CRzCamyAudioDevice::AddIODevice Adding : Aux3, Pin: 2, StartChannel: 16, NumChannel: 2
[2026-07-27 20:13:26.105] [rz] [info] CRzCamyAudioDevice::GetMode Current Mode: Basic
[2026-07-27 20:13:26.105] [rz] [info] Acquiring Windows Audio Controls...
[2026-07-27 20:13:26.105] [rz] [info] CRzCamyAudioDevice::GetEndpoint Microphone is mismatched with: Service (Do not use) (2- Razer Seiren V3 Pro) 
[2026-07-27 20:13:26.106] [rz] [info] CRzCamyAudioDevice::GetEndpoint Microphone found
[2026-07-27 20:13:26.107] [rz] [info] CRzCamyAudioDevice::GetEndpoint Service found
[2026-07-27 20:13:26.108] [rz] [info] CRzCamyAudioDevice::GetEndpoint Headphones found
[2026-07-27 20:13:26.108] [rz] [info] CRzCamyAudioDevice::AcquireWindowsAudioControls acquire MicVolume and HPVolume successfully
[2026-07-27 20:13:26.108] [rz] [info] CRzCamyAudioDevice::AcquireWindowsAudioControls Done.
[2026-07-27 20:13:26.108] [rz] [info] CamyNative::DeviceInitialize containerId: {6AAC826E-DACA-5976-A233-9A3F6F75C061} r: true.
[2026-07-27 20:13:26.134] [rz] [info] CRzCamyAudioDevice::GetMode Current Mode: Basic
[2026-07-27 20:13:26.134] [rz] [info] CamyNative::GetMode containerId: {6AAC826E-DACA-5976-A233-9A3F6F75C061} result: 0
[2026-07-27 20:13:26.138] [rz] [info] CamyNative::SetLevelMeterEnable bEnable: 1 result: true
[2026-07-27 20:13:27.133] [rz] [info] CCamyDevice::SetMasterSampleRate =>
[2026-07-27 20:13:27.133] [rz] [info] CRzCamyAudioDevice::SetMasterSampleRate no need to update sampleRate as 48000 is the same as current one.
[2026-07-27 20:13:27.133] [rz] [info] CCamyDevice::SetMasterSampleRate =><=
[2026-07-27 20:13:27.133] [rz] [info] CRzCamyAudioDevice::GetMode Current Mode: Basic
[2026-07-27 20:13:27.133] [rz] [info] CamyNative::SetMasterSampleRate uSampleRate: 48000 take: 0ms result: true
[2026-07-27 20:13:27.150] [rz] [info] CamyNative::GetDeviceVolume Device_HP - uLevel: 70
[2026-07-27 20:13:27.151] [rz] [info] CamyNative::GetDeviceMute Device_HP - bMuted: false
[2026-07-27 20:13:27.152] [rz] [info] CamyNative::GetDeviceVolume Device_Mic - uLevel: 100
[2026-07-27 20:13:27.153] [rz] [info] CamyNative::GetDeviceMute Device_Mic - bMuted: false
[2026-07-27 20:13:27.238] [rz] [info] CamyNative::GetDeviceVolume Device_HP - uLevel: 70
[2026-07-27 20:13:27.239] [rz] [info] CamyNative::GetDeviceMute Device_HP - bMuted: false
[2026-07-27 20:13:27.240] [rz] [info] CamyNative::GetDeviceVolume Device_Mic - uLevel: 100
[2026-07-27 20:13:27.241] [rz] [info] CamyNative::GetDeviceMute Device_Mic - bMuted: false
[2026-07-27 20:13:27.376] [rz] [info] CamyNative::SetLevelMeterEnable bEnable: 1 result: true
[2026-07-27 20:13:28.109] [rz] [info] CCamyDevice::SetMasterSampleRate =>
[2026-07-27 20:13:28.109] [rz] [info] CRzCamyAudioDevice::SetMasterSampleRate no need to update sampleRate as 48000 is the same as current one.
[2026-07-27 20:13:28.109] [rz] [info] CCamyDevice::SetMasterSampleRate =><=
[2026-07-27 20:13:28.109] [rz] [info] CRzCamyAudioDevice::GetMode Current Mode: Basic
[2026-07-27 20:13:28.109] [rz] [info] CamyNative::SetMasterSampleRate uSampleRate: 48000 take: 0ms result: true
